emp_id,emp_name,dept_id,country,gender,salary,degree,performance,hire_date
1,Allison Hill,HARDWARE,CANADA,MALE,100000,BS,1,2024-06-08
2,Noah Rhodes,SOFTWARE,INDIA,MALE,144000,BS,3,2024-08-13
3,Angie Henderson,HARDWARE,USA,MALE,96000,BS,2,2025-05-09
4,Daniel Wagner,HARDWARE,CANADA,MALE,178000,MS,10,2023-08-16
5,Cristian Santos,SALES,CANADA,MALE,211000,MSIS,8,2025-11-21
6,Connie Lawrence,SOFTWARE,USA,FEMALE,157000,MS,3,2023-01-04
7,Abigail Shaffer,SALES,CANADA,FEMALE,193000,MS,4,2024-01-19
8,Gina Moore,HARDWARE,USA,FEMALE,187000,MS,2,2023-05-19
9,Gabrielle Davis,SOFTWARE,USA,MALE,264000,PHD,9,2025-03-10
10,Ryan Munoz,SOFTWARE,USA,FEMALE,216000,MSIS,1,2025-02-03
11,Monica Herrera,AI,USA,MALE,135000,BS,1,2024-12-07
12,Jamie Arnold,HARDWARE,USA,MALE,132000,BS,2,2023-04-01
13,Lisa Hensley,SOFTWARE,USA,FEMALE,112000,BS,6,2025-09-07
14,Michele Williams,SOFTWARE,USA,FEMALE,128000,MS,3,2023-03-17
15,Dylan Miller,SOFTWARE,GERMANY,MALE,115000,BS,1,2024-10-08
16,Brian Ramirez,SOFTWARE,USA,FEMALE,250000,PHD,9,2024-06-02
17,Holly Wood,HARDWARE,USA,FEMALE,98000,BA,4,2023-04-08
18,Derek Zuniga,SALES,USA,MALE,169000,MSIS,6,2025-01-23
19,Lisa Jackson,SOFTWARE,USA,FEMALE,146000,BS,7,2024-11-25
20,Carla Gray,MARKETING,GERMANY,FEMALE,263000,PHD,8,2025-11-29
21,Margaret Hawkins DDS,SOFTWARE,USA,MALE,144000,BS,2,2025-05-31
22,Patty Perez,HARDWARE,CANADA,FEMALE,189000,MS,3,2024-10-19
23,Ethan Adams,SOFTWARE,GERMANY,FEMALE,122000,BA,6,2024-09-19
24,Tommy Walter,SOFTWARE,USA,FEMALE,111000,BS,7,2024-12-20
25,Matthew Foster,SOFTWARE,USA,FEMALE,145000,BS,6,2023-04-28
26,Judy Baker,SOFTWARE,CANADA,MALE,103000,BA,7,2023-03-05
27,Justin Baker,SOFTWARE,USA,FEMALE,123000,BA,10,2023-03-13
28,Stephanie Ross,SOFTWARE,USA,FEMALE,129000,BA,4,2025-01-11
29,Zachary Hicks,SOFTWARE,GERMANY,MALE,94000,BS,10,2025-07-10
30,Anthony Rodriguez,HARDWARE,USA,MALE,256000,PHD,6,2023-10-09
31,Rebecca Henderson,SOFTWARE,CANADA,FEMALE,160000,MS,7,2024-05-26
32,James Ferrell,HARDWARE,CHINA,FEMALE,223000,PHD,1,2025-11-26
33,Tricia Valencia,HARDWARE,USA,FEMALE,105000,BS,9,2024-06-17
34,Nathan Maldonado,SOFTWARE,INDIA,FEMALE,198000,MS,4,2025-10-02
35,Debra Davidson,HARDWARE,GERMANY,FEMALE,99000,BS,3,2023-12-20
36,Jeffrey Chavez,SOFTWARE,USA,FEMALE,146000,MSIS,8,2024-12-12
37,Sherri Baker,SOFTWARE,CANADA,FEMALE,189000,MS,9,2024-09-06
38,Cassandra Gaines,SOFTWARE,USA,MALE,181000,MSIS,3,2023-09-06
39,Elizabeth Fowler,SALES,USA,FEMALE,230000,PHD,3,2023-02-23
40,Brittany Farmer,SOFTWARE,USA,FEMALE,137000,BS,10,2023-09-23
41,Paula Moreno,SALES,USA,FEMALE,128000,MS,2,2025-03-26
42,Fred Smith,AI,USA,FEMALE,267000,PHD,8,2025-04-18
43,Sherry Decker,HARDWARE,USA,FEMALE,151000,MSIS,2,2023-06-01
44,Anthony Humphrey,AI,INDIA,MALE,134000,BS,9,2024-01-08
45,Angelica Tucker,SOFTWARE,USA,MALE,190000,MSIS,3,2023-09-12
46,Philip Cannon,HARDWARE,GERMANY,MALE,141000,MS,5,2024-10-22
47,John Pierce,AI,GERMANY,FEMALE,244000,PHD,4,2023-06-11
48,Shane Henderson,AI,CANADA,MALE,125000,BS,9,2024-09-12
49,Joshua Blair,SOFTWARE,USA,MALE,184000,MS,2,2023-11-12
50,Eric Carney,BUSINESS,CANADA,FEMALE,126000,BA,10,2023-03-26
51,Jessica Holmes,SOFTWARE,USA,MALE,145000,MSIS,1,2024-06-26
52,Danny Morgan,HARDWARE,USA,MALE,173000,MS,10,2025-10-16
53,Crystal Robinson,SALES,USA,FEMALE,172000,MSIS,9,2025-09-16
54,Mark Perez,AI,GERMANY,FEMALE,128000,BS,7,2023-05-30
55,Shannon Jones,SOFTWARE,USA,FEMALE,176000,MS,3,2025-09-18
56,Michael Lewis,SOFTWARE,USA,FEMALE,108000,BS,6,2024-10-15
57,Timothy Duncan,SOFTWARE,CHINA,MALE,171000,MS,6,2025-01-28
58,Richard Aguirre,HARDWARE,USA,MALE,160000,MS,2,2025-08-13
59,Brent Jordan,AI,CANADA,MALE,95000,BA,8,2023-07-18
60,John Daniel,SOFTWARE,USA,FEMALE,119000,BA,7,2024-05-23
61,Victoria Garcia,SOFTWARE,USA,FEMALE,241000,PHD,3,2024-01-24
62,Gerald Hensley,AI,USA,FEMALE,200000,MSIS,8,2025-10-18
63,Connor West,SOFTWARE,GERMANY,MALE,137000,MSIS,8,2025-03-16
64,Donald Wright,SOFTWARE,USA,FEMALE,147000,MS,4,2023-04-10
65,Jessica Callahan,SOFTWARE,USA,FEMALE,118000,BA,8,2024-08-08
66,Amber Kidd,HARDWARE,USA,MALE,175000,MS,2,2024-06-25
67,Tracy House,MARKETING,USA,MALE,166000,MS,7,2025-03-31
68,Carol Tucker,SALES,USA,FEMALE,92000,BA,9,2024-08-14
69,James Brown,AI,USA,FEMALE,108000,BA,9,2023-09-01
70,William Baker,SALES,USA,FEMALE,105000,BA,2,2024-11-25
71,Jordan Henderson,SALES,USA,MALE,138000,MS,6,2025-11-08
72,Whitney Peters,AI,CANADA,MALE,95000,BS,1,2023-10-08
73,Brittney Phillips,SOFTWARE,INDIA,FEMALE,186000,MS,8,2023-11-02
74,Lauren Daniels,AI,USA,FEMALE,137000,MS,9,2024-10-14
75,Amy Silva,SOFTWARE,GERMANY,FEMALE,127000,BA,10,2024-11-19
76,Sarah Moore,HARDWARE,GERMANY,FEMALE,188000,MS,9,2024-09-05
77,Angela Lopez,SOFTWARE,GERMANY,FEMALE,137000,BS,1,2023-08-13
78,Megan Young,HARDWARE,USA,MALE,239000,PHD,10,2025-08-29
79,Steve Sanchez,SALES,USA,MALE,119000,BS,10,2025-09-10
80,Lisa Barnes,HARDWARE,CANADA,FEMALE,129000,BA,10,2023-10-30
81,Kelly Donovan,HARDWARE,USA,MALE,139000,MSIS,4,2024-01-26
82,Mike Allen,SOFTWARE,USA,MALE,106000,BA,6,2025-04-25
83,Michael Evans,AI,USA,FEMALE,184000,MS,7,2023-05-08
84,Paul Jones,HARDWARE,USA,FEMALE,146000,MS,9,2025-09-06
85,Zachary Ferrell,AI,USA,FEMALE,142000,MS,6,2025-12-27
86,Daniel Baker,HARDWARE,CANADA,FEMALE,123000,BS,6,2024-01-29
87,Shirley Suarez,HARDWARE,USA,FEMALE,271000,PHD,5,2024-04-05
88,Christopher Bass,AI,USA,MALE,236000,PHD,5,2025-09-28
89,Lisa Archer,SOFTWARE,USA,FEMALE,125000,BS,6,2023-09-07
90,Aimee Montoya,SALES,USA,FEMALE,168000,MS,9,2024-12-07
91,Matthew Mcmillan,SOFTWARE,USA,MALE,237000,PHD,3,2024-08-12
92,Brian Rodriguez,AI,USA,FEMALE,244000,PHD,2,2024-06-09
93,Denise Jacobs,SOFTWARE,USA,FEMALE,145000,MS,4,2024-07-10
94,Christina Walters,SOFTWARE,USA,MALE,127000,BA,10,2024-05-11
95,John Whitehead,SALES,USA,MALE,94000,BA,9,2023-04-18
96,Anna Henderson,HARDWARE,USA,FEMALE,125000,BA,6,2023-07-25
97,Aaron Wise,SOFTWARE,CANADA,MALE,120000,MS,3,2025-04-13
98,Deborah Figueroa,SOFTWARE,USA,MALE,181000,MS,8,2024-08-11
99,Jessica Smith,AI,GERMANY,MALE,101000,BS,1,2025-12-31
100,Stephen Mckee,HARDWARE,GERMANY,FEMALE,142000,MS,1,2023-12-27
101,Sandra Aguilar,SOFTWARE,CHINA,FEMALE,250000,PHD,1,2024-01-17
102,Cameron Parker,AI,CANADA,MALE,204000,PHD,5,2024-09-03
103,Rebecca Valencia,HARDWARE,USA,FEMALE,162000,MS,2,2025-07-19
104,Christine Wright,HARDWARE,USA,FEMALE,267000,PHD,9,2023-10-02
105,Richard Henson,SOFTWARE,USA,MALE,169000,MSIS,8,2023-08-19
106,Marc Moore,HARDWARE,USA,MALE,122000,BS,8,2023-01-29
107,Sharon Cherry,HARDWARE,USA,MALE,192000,MS,5,2023-12-26
108,Sierra Johnson,SOFTWARE,GERMANY,FEMALE,174000,MS,7,2023-06-27
109,Evelyn Galvan,AI,CHINA,MALE,113000,BS,2,2025-09-04
110,Sharon Cochran,SOFTWARE,USA,FEMALE,90000,BS,4,2025-02-24
111,Richard Rodriguez,HARDWARE,USA,FEMALE,132000,BS,5,2023-01-24
112,Shannon Walker,AI,CANADA,MALE,120000,BS,6,2023-08-31
113,Julia Torres,SOFTWARE,CANADA,FEMALE,141000,BS,3,2023-08-29
114,Crystal Johnson,SALES,USA,MALE,167000,MS,5,2024-03-24
115,Garrett Lin,SOFTWARE,USA,FEMALE,219000,PHD,8,2025-02-04
116,Diana May,HARDWARE,USA,MALE,150000,BS,9,2024-05-21
117,William Herrera,MARKETING,USA,FEMALE,130000,MS,10,2025-12-17
118,Ashley Waller,SOFTWARE,USA,MALE,192000,MS,2,2023-05-07
119,Victor Baker,AI,USA,MALE,160000,MSIS,9,2023-12-03
120,Jeffrey Chandler,BUSINESS,USA,MALE,146000,BS,9,2024-02-25
121,Larry Dixon,SOFTWARE,USA,FEMALE,131000,MS,8,2023-04-24
122,Kenneth Scott,SOFTWARE,USA,FEMALE,143000,BS,9,2023-04-29
123,April Frost,SOFTWARE,INDIA,FEMALE,122000,MS,5,2024-06-05
124,Michelle Harmon,AI,USA,MALE,209000,MSIS,4,2023-04-03
125,Helen Jones,SOFTWARE,USA,MALE,97000,BS,2,2025-08-24
126,Erin Edwards,MARKETING,CANADA,MALE,91000,BA,7,2025-05-10
127,Michelle Evans,HARDWARE,GERMANY,FEMALE,147000,BS,7,2025-02-08
128,Jason Powell,SOFTWARE,USA,FEMALE,88000,BA,9,2023-08-31
129,Cameron Fisher,HARDWARE,USA,MALE,105000,BA,9,2024-04-01
130,Megan Orr,SOFTWARE,USA,FEMALE,173000,MSIS,1,2025-05-18
131,Elizabeth Kelley,HARDWARE,CANADA,FEMALE,151000,MS,4,2024-12-09
132,Dustin Jordan,HARDWARE,INDIA,MALE,126000,BA,4,2023-03-07
133,Mary Marshall,HARDWARE,USA,MALE,213000,MSIS,7,2024-05-07
134,Daniel Kennedy,SOFTWARE,CANADA,FEMALE,94000,BS,2,2023-04-10
135,Rebecca Jackson,SOFTWARE,USA,FEMALE,141000,BS,1,2024-04-24
136,Jose Schultz,HARDWARE,USA,FEMALE,137000,MS,1,2024-04-24
137,Robert Potter,AI,USA,FEMALE,175000,MSIS,10,2024-04-30
138,Courtney Gonzalez,SALES,USA,FEMALE,118000,BS,3,2024-09-07
139,David Alvarez,SOFTWARE,USA,FEMALE,112000,BS,9,2025-10-12
140,Angel Perry,HARDWARE,CANADA,FEMALE,121000,BA,6,2025-12-10
141,Cheyenne Horton,HARDWARE,USA,MALE,142000,BS,7,2024-09-06
142,David Douglas Jr.,HARDWARE,USA,MALE,150000,BS,9,2024-04-06
143,Patricia Rodriguez,HARDWARE,USA,MALE,149000,BS,3,2025-04-25
144,Christopher Rubio,MARKETING,USA,MALE,267000,PHD,9,2025-03-06
145,Amber Wright,SOFTWARE,INDIA,MALE,132000,BS,4,2025-07-10
146,Joyce Solis,SOFTWARE,CANADA,MALE,203000,MSIS,2,2023-04-16
147,Victoria Larson,SOFTWARE,USA,MALE,95000,BS,10,2024-01-21
148,Stephanie Salazar,SOFTWARE,USA,MALE,220000,MSIS,10,2025-09-08
149,Kathy Rivas,MARKETING,USA,MALE,128000,BS,6,2024-03-09
150,Stephanie Manning,SOFTWARE,USA,MALE,261000,PHD,2,2024-02-23
151,David Wright,SOFTWARE,GERMANY,FEMALE,131000,BS,4,2025-02-18
152,Pamela Boyd,HARDWARE,USA,FEMALE,129000,BS,6,2025-01-06
153,Denise Jones,SOFTWARE,USA,MALE,179000,MS,8,2025-08-19
154,Devon Flores,SOFTWARE,USA,FEMALE,161000,MSIS,6,2024-10-02
155,Brenda Hall,SOFTWARE,USA,MALE,118000,BS,10,2023-02-03
156,Michelle Brown,SOFTWARE,USA,FEMALE,143000,BS,10,2023-11-09
157,Joshua Perry,AI,CANADA,MALE,104000,BA,4,2025-10-19
158,Jason Stein,AI,USA,FEMALE,152000,MS,6,2025-10-01
159,Melissa Gates,SOFTWARE,USA,MALE,111000,BS,6,2025-09-27
160,Jamie Smith,SOFTWARE,GERMANY,MALE,121000,BA,9,2025-12-09
161,Paul Castaneda,SOFTWARE,CHINA,MALE,122000,BA,2,2023-01-14
162,Jennifer Adkins,AI,USA,MALE,98000,BS,4,2023-01-19
163,Lindsey Walker,SOFTWARE,CANADA,MALE,137000,BS,8,2025-09-16
164,Jeffrey Johnson,SOFTWARE,USA,FEMALE,120000,MS,1,2023-01-25
165,Michael Powell,HARDWARE,USA,FEMALE,114000,BA,5,2023-02-05
166,John Anderson,SOFTWARE,GERMANY,MALE,142000,MS,7,2023-07-17
167,Alyssa Long,SOFTWARE,CANADA,FEMALE,144000,MS,4,2024-12-26
168,Alyssa Day,HARDWARE,USA,FEMALE,100000,BS,7,2025-04-11
169,Joel Williams,SOFTWARE,USA,FEMALE,118000,BS,4,2023-06-15
170,Daniel Murphy,SALES,CANADA,FEMALE,131000,MS,1,2025-02-15
171,Jamie Walton,HARDWARE,CANADA,MALE,97000,BS,8,2023-12-17
172,Darlene Miller,SOFTWARE,CANADA,FEMALE,121000,BA,7,2023-07-15
173,Joshua Cooke,SOFTWARE,USA,MALE,164000,MSIS,1,2025-08-31
174,Matthew Harrington,AI,CHINA,MALE,125000,BS,2,2024-01-03
175,Nicole Herring,SOFTWARE,GERMANY,MALE,202000,PHD,6,2023-10-23
176,Alex Hernandez,HARDWARE,CANADA,FEMALE,144000,MSIS,7,2023-11-29
177,Michael Elliott,SOFTWARE,USA,FEMALE,169000,MS,10,2025-02-25
178,Michael Wang,BUSINESS,USA,MALE,223000,MSIS,3,2025-10-22
179,Lawrence Adkins,SOFTWARE,CANADA,MALE,126000,MS,6,2025-06-14
180,Robert Oconnell,HARDWARE,USA,FEMALE,133000,BS,2,2024-10-30
181,Alexander Collins,MARKETING,USA,FEMALE,130000,BA,5,2025-10-01
182,Tina Sanders,MARKETING,CANADA,FEMALE,138000,BS,9,2024-01-16
183,Angela Vaughn,BUSINESS,INDIA,FEMALE,130000,MS,7,2024-05-19
184,Ashley Barton,SALES,USA,MALE,154000,MS,2,2025-02-17
185,Lindsay Martinez,MARKETING,USA,FEMALE,169000,MS,3,2025-01-08
186,Dr. Hannah Patterson,SOFTWARE,CANADA,FEMALE,99000,BA,1,2025-01-07
187,Jonathan Peterson,HARDWARE,INDIA,MALE,151000,MSIS,2,2024-01-19
188,Samantha Garcia,HARDWARE,USA,FEMALE,155000,BS,9,2023-07-31
189,Madison Poole,HARDWARE,USA,MALE,115000,BA,6,2024-10-26
190,Jessica Gross,SOFTWARE,USA,FEMALE,172000,MSIS,1,2025-03-05
191,Debra Morton,AI,USA,MALE,166000,MSIS,9,2025-02-18
192,Karen Graham,SALES,USA,FEMALE,99000,BA,5,2025-10-06
193,Debra Christian,MARKETING,CANADA,FEMALE,107000,BA,3,2025-05-12
194,Angelica Keith,SOFTWARE,USA,FEMALE,136000,BS,2,2024-05-20
195,John Bishop,SOFTWARE,CANADA,MALE,196000,MS,8,2025-07-26
196,Allen Rosales,SOFTWARE,GERMANY,FEMALE,80000,BA,5,2024-11-11
197,Daniel Salinas,SOFTWARE,USA,FEMALE,177000,MSIS,7,2024-11-16
198,Spencer Haynes,SALES,USA,FEMALE,107000,BS,10,2024-10-18
199,Adam Vaughan,AI,USA,FEMALE,181000,MS,4,2023-12-30
200,Nathan Freeman,SOFTWARE,CANADA,FEMALE,237000,PHD,6,2024-05-11
201,Melissa Brewer,HARDWARE,INDIA,FEMALE,140000,BS,5,2023-08-22
202,Ricky Davis II,AI,USA,MALE,275000,PHD,4,2023-02-25
203,Elizabeth Perkins,BUSINESS,GERMANY,FEMALE,226000,PHD,8,2024-08-19
204,Joseph Coleman,SOFTWARE,USA,FEMALE,187000,MSIS,2,2023-10-13
205,Erin Warner,HARDWARE,CANADA,MALE,152000,MS,4,2025-05-16
206,David Martinez,BUSINESS,USA,FEMALE,192000,MSIS,2,2025-03-31
207,Bryan Herrera,HARDWARE,GERMANY,MALE,189000,MS,7,2025-01-06
208,Cathy Robinson,SALES,GERMANY,MALE,196000,MS,9,2023-08-12
209,Dr. William Warren,HARDWARE,CANADA,MALE,156000,MSIS,6,2025-03-29
210,Brian Lee,MARKETING,USA,MALE,255000,PHD,6,2023-01-22
211,Christopher Smith,HARDWARE,USA,MALE,112000,BA,4,2025-07-01
212,Denise Mccann,SOFTWARE,GERMANY,MALE,154000,BS,8,2024-12-07
213,Melissa Martinez,HARDWARE,CANADA,FEMALE,213000,PHD,8,2025-05-01
214,Katherine Salas,AI,USA,MALE,214000,PHD,2,2024-12-14
215,Julie Alexander,SOFTWARE,USA,FEMALE,116000,BS,8,2024-12-14
216,Anthony Everett,HARDWARE,GERMANY,FEMALE,147000,BS,8,2023-05-18
217,Rodney Morales,SOFTWARE,GERMANY,FEMALE,92000,BS,2,2023-08-12
218,Mark Brown,SOFTWARE,CANADA,MALE,151000,MS,3,2023-11-24
219,Justin Torres,HARDWARE,CANADA,MALE,149000,BS,7,2025-04-09
220,Bailey Duran DDS,SOFTWARE,USA,FEMALE,201000,MS,3,2025-03-21
221,Courtney Mills,BUSINESS,CANADA,FEMALE,92000,BA,10,2025-05-29
222,Jeremy Dalton,SOFTWARE,USA,FEMALE,116000,BS,4,2023-05-09
223,Elizabeth Oliver DDS,BUSINESS,USA,FEMALE,143000,MS,9,2024-10-29
224,Theresa Clark,SALES,USA,FEMALE,96000,BA,2,2025-12-16
225,Matthew Moore,HARDWARE,CANADA,FEMALE,276000,PHD,6,2025-03-14
226,Benjamin Smith,BUSINESS,USA,FEMALE,165000,MS,6,2023-12-20
227,Kirk Carter,SOFTWARE,USA,MALE,213000,MSIS,5,2023-10-02
228,Michael Warner,SALES,CANADA,MALE,129000,BS,4,2024-01-10
229,Michael Bradshaw,HARDWARE,CHINA,FEMALE,155000,BS,3,2025-05-06
230,Lori Guerrero,SOFTWARE,CANADA,FEMALE,169000,MS,10,2024-01-16
231,Jessica Stephens,SALES,CANADA,MALE,112000,BS,9,2025-09-29
232,Susan Serrano,HARDWARE,USA,FEMALE,130000,BS,3,2023-04-20
233,Christopher Parker,SOFTWARE,USA,MALE,197000,MSIS,1,2024-02-04
234,Laura Roberts,SOFTWARE,USA,FEMALE,199000,MSIS,9,2025-04-17
235,Michael Lyons,SOFTWARE,USA,FEMALE,176000,MS,7,2023-12-09
236,Kathryn Snyder,AI,USA,MALE,130000,BA,1,2024-08-21
237,Andrew Reynolds,HARDWARE,CANADA,FEMALE,114000,BA,4,2023-12-11
238,David Davis,SOFTWARE,GERMANY,MALE,198000,MSIS,10,2023-08-22
239,Sara Johnston,SOFTWARE,USA,MALE,136000,BS,9,2025-06-22
240,Yvonne Chambers,SALES,USA,MALE,133000,MS,7,2024-09-01
241,Andrew Avila,SOFTWARE,USA,FEMALE,192000,MSIS,1,2024-12-14
242,Matthew Moon,HARDWARE,USA,MALE,191000,MSIS,2,2024-04-30
243,Kevin Walters,SOFTWARE,USA,FEMALE,134000,BS,10,2023-12-06
244,Brandon Bailey MD,SOFTWARE,USA,MALE,146000,MS,4,2024-12-19
245,Shannon Rivera,BUSINESS,USA,MALE,188000,MS,10,2024-10-24
246,Donna Landry,AI,USA,FEMALE,237000,PHD,5,2025-11-19
247,Krista Gibson,SALES,INDIA,FEMALE,217000,PHD,2,2023-05-02
248,Frank Cordova,SOFTWARE,CANADA,MALE,216000,PHD,3,2023-10-27
249,Jose Travis,SALES,CANADA,FEMALE,170000,MS,4,2023-10-19
250,Kimberly Gutierrez,AI,GERMANY,FEMALE,200000,MS,5,2025-02-07
251,Isaiah Avila,SALES,USA,FEMALE,141000,BS,2,2025-01-25
252,Olivia Harris,SOFTWARE,USA,MALE,131000,BS,8,2023-07-10
253,Tanya Kim,MARKETING,CANADA,FEMALE,201000,MS,8,2023-05-10
254,Barbara Dudley,MARKETING,USA,FEMALE,162000,MSIS,7,2024-03-09
255,Cynthia Moore,AI,USA,FEMALE,126000,BS,6,2023-09-25
256,Kristen Davis,SOFTWARE,GERMANY,MALE,163000,MS,8,2023-04-05
257,Susan Murray MD,AI,USA,MALE,81000,BA,8,2023-11-20
258,Kathleen Moran,SOFTWARE,CANADA,MALE,144000,BS,1,2023-09-28
259,Denise Davenport,HARDWARE,CANADA,FEMALE,155000,MSIS,5,2023-07-11
260,Mrs. Kristen Reyes,AI,GERMANY,FEMALE,130000,MS,5,2023-12-05
261,Katie Suarez,HARDWARE,USA,MALE,126000,BA,5,2025-05-29
262,Desiree Tyler,SOFTWARE,USA,MALE,120000,MS,2,2025-09-03
263,Timothy Romero,HARDWARE,INDIA,FEMALE,94000,BA,10,2023-01-20
264,Diane Evans,SOFTWARE,USA,FEMALE,87000,BA,6,2023-09-28
265,Yvonne Burns,SOFTWARE,CANADA,MALE,139000,BS,4,2023-07-29
266,Joshua Reed,HARDWARE,USA,MALE,99000,BA,6,2025-02-22
267,Kimberly Gibson,AI,CANADA,MALE,217000,MSIS,3,2023-05-21
268,Colin Terry,SOFTWARE,CANADA,MALE,198000,MS,1,2025-06-20
269,Cynthia Rowe,HARDWARE,USA,FEMALE,109000,BS,4,2025-06-25
270,Patrick Thornton,SOFTWARE,CANADA,MALE,147000,MSIS,2,2023-09-10
271,Jasmin Alvarado,AI,USA,FEMALE,164000,MS,7,2024-10-06
272,Veronica Simpson,AI,CHINA,MALE,170000,MSIS,4,2024-05-23
273,Jonathan Lawrence,SALES,USA,FEMALE,197000,MS,10,2023-02-24
274,Shelly Alexander,SOFTWARE,GERMANY,MALE,161000,MSIS,5,2025-03-13
275,Joyce Bowen,AI,USA,FEMALE,120000,BS,1,2025-03-01
276,Matthew Moore,SALES,USA,MALE,120000,BA,8,2025-12-17
277,Wayne Morgan,SOFTWARE,USA,FEMALE,181000,MSIS,1,2023-09-28
278,Marie Christian,AI,USA,FEMALE,143000,BS,10,2023-12-20
279,Shannon James,AI,USA,MALE,137000,MSIS,2,2023-01-29
280,Nathan Malone,SOFTWARE,CANADA,FEMALE,97000,BS,1,2025-11-03
281,Amanda Jones,MARKETING,CANADA,FEMALE,143000,BS,9,2025-04-03
282,Tammie Bright,SOFTWARE,USA,MALE,114000,BA,9,2024-07-22
283,Jessica Garcia,MARKETING,GERMANY,MALE,112000,BA,2,2023-11-15
284,Shelia Wallace,SOFTWARE,CANADA,MALE,195000,MS,7,2024-09-27
285,Stephanie Williams,AI,CANADA,MALE,127000,MS,4,2023-06-26
286,Elaine Brooks,HARDWARE,USA,MALE,258000,PHD,2,2024-09-25
287,Joseph Knight,AI,GERMANY,MALE,135000,MS,3,2023-10-09
288,Carolyn Miller,SOFTWARE,USA,FEMALE,183000,MS,3,2025-12-07
289,Lisa Allen,HARDWARE,INDIA,FEMALE,141000,MS,5,2023-09-17
290,Briana Murray,HARDWARE,INDIA,MALE,135000,MS,5,2024-11-17
291,David Smith,SOFTWARE,USA,MALE,202000,MSIS,5,2024-06-22
292,Stephanie Byrd,AI,CHINA,MALE,200000,MS,10,2025-10-13
293,Jeremy Reed,SOFTWARE,USA,FEMALE,97000,BS,6,2023-12-08
294,Margaret Coleman,SOFTWARE,USA,MALE,103000,BS,5,2024-04-12
295,Ryan Gonzalez,SOFTWARE,USA,MALE,125000,MS,1,2024-05-15
296,John Young,HARDWARE,USA,MALE,104000,BA,6,2024-01-02
297,Laura Haney,SALES,INDIA,FEMALE,270000,PHD,1,2024-04-04
298,William Barrett,AI,USA,FEMALE,130000,BS,7,2023-06-09
299,Keith Jennings,SOFTWARE,USA,MALE,184000,MS,2,2024-01-03
300,Amber Obrien,SOFTWARE,USA,FEMALE,95000,BS,9,2023-05-22
301,Tanner Mitchell DDS,SALES,USA,FEMALE,174000,MSIS,5,2023-06-26
302,Heather Fields,SOFTWARE,CANADA,MALE,167000,MS,1,2024-08-20
303,Megan Le,SOFTWARE,USA,MALE,199000,MS,5,2025-08-08
304,Sara Fuller,AI,USA,MALE,115000,BS,8,2023-11-05
305,Maria Parker,SOFTWARE,USA,MALE,81000,BA,7,2024-12-10
306,Kevin Oconnor,HARDWARE,USA,MALE,162000,MS,1,2025-02-09
307,Edward Burgess,SOFTWARE,INDIA,MALE,148000,MSIS,5,2025-12-21
308,Carlos Ryan,SOFTWARE,USA,MALE,262000,PHD,7,2023-10-19
309,Kiara Mcintyre,SOFTWARE,USA,MALE,125000,MS,2,2025-11-30
310,Dawn Summers,SALES,GERMANY,MALE,148000,BS,6,2023-07-15
311,Dr. Paul Morgan,SOFTWARE,USA,MALE,129000,MS,7,2025-06-09
312,Victor Taylor,SOFTWARE,USA,FEMALE,150000,MS,3,2024-06-18
313,Shannon Ramsey,SOFTWARE,CHINA,FEMALE,224000,MSIS,7,2024-10-13
314,Tracy Ballard,SOFTWARE,INDIA,MALE,99000,BS,4,2023-10-06
315,Richard Smith,SALES,USA,MALE,148000,MSIS,10,2023-08-05
316,Jordan Chambers,HARDWARE,CHINA,FEMALE,100000,BA,8,2023-09-05
317,Lauren Carson,SOFTWARE,USA,FEMALE,177000,MS,4,2025-08-06
318,Ashley Hall,HARDWARE,USA,MALE,101000,BS,2,2024-09-15
319,Stephen Hoffman,BUSINESS,USA,MALE,140000,MSIS,10,2024-11-02
320,Connie Brown,SOFTWARE,USA,FEMALE,102000,BA,4,2025-11-17
321,Susan Turner,SOFTWARE,USA,MALE,96000,BA,5,2023-03-05
322,Charles Shah,HARDWARE,USA,MALE,271000,PHD,8,2023-07-13
323,Johnathan Davis,HARDWARE,USA,MALE,105000,BS,3,2023-05-07
324,Brandy Chavez,BUSINESS,USA,MALE,151000,MSIS,4,2025-03-31
325,Natalie Bautista,SOFTWARE,USA,MALE,123000,BS,2,2023-02-14
326,Patrick Moore,MARKETING,USA,MALE,256000,PHD,4,2023-07-08
327,Brett Burns,SOFTWARE,CANADA,MALE,150000,MSIS,6,2025-08-02
328,Trevor Johnson,SOFTWARE,USA,FEMALE,107000,BA,10,2025-10-13
329,Jeremy Sampson,HARDWARE,USA,FEMALE,91000,BA,7,2024-03-15
330,Ariana Jennings,MARKETING,USA,FEMALE,170000,MSIS,5,2023-11-01
331,Vanessa Howard,BUSINESS,CANADA,MALE,119000,BA,10,2024-08-27
332,Colton Martinez,BUSINESS,GERMANY,MALE,151000,BS,9,2023-06-29
333,Jordan Bates,HARDWARE,USA,MALE,143000,BS,3,2025-12-12
334,Linda Smith,SOFTWARE,USA,FEMALE,92000,BS,9,2025-01-05
335,Dana Martinez,HARDWARE,CANADA,FEMALE,134000,BS,8,2025-03-06
336,Andrea Hubbard,HARDWARE,USA,MALE,130000,BS,1,2023-03-02
337,Daniel Kane,SOFTWARE,USA,FEMALE,142000,MSIS,5,2025-12-20
338,Charles Lester,SOFTWARE,USA,MALE,119000,BS,10,2023-07-25
339,Scott Thomas,AI,USA,MALE,124000,BS,4,2024-03-25
340,David Thompson,MARKETING,USA,MALE,165000,MS,7,2023-12-27
341,Allison Smith,SOFTWARE,CANADA,MALE,135000,BS,6,2024-12-21
342,Cynthia Morris,AI,CANADA,MALE,218000,PHD,10,2025-10-05
343,Anthony Harmon,MARKETING,INDIA,MALE,182000,MS,3,2023-07-04
344,Nichole Alvarez,AI,USA,MALE,94000,BA,10,2025-12-14
345,Kayla Rodriguez,SOFTWARE,GERMANY,MALE,115000,BS,6,2024-11-28
346,Theresa Williams,SOFTWARE,CHINA,MALE,127000,MS,6,2023-10-30
347,Sharon Boyd,SOFTWARE,USA,FEMALE,134000,MS,3,2023-05-29
348,Victor Brown,SALES,GERMANY,FEMALE,102000,BS,7,2024-09-10
349,James Parks,SOFTWARE,USA,FEMALE,145000,BS,3,2024-10-11
350,Theodore Jones Jr.,HARDWARE,CANADA,FEMALE,124000,BA,9,2024-04-02
351,Ana Hill,HARDWARE,INDIA,FEMALE,168000,MS,3,2024-08-26
352,Kimberly Nguyen,SOFTWARE,USA,FEMALE,124000,BA,1,2023-03-08
353,Kerry Chavez DDS,SOFTWARE,USA,MALE,119000,BA,6,2023-08-02
354,Michael Farrell,AI,GERMANY,MALE,242000,PHD,3,2024-05-02
355,Patricia Le,AI,CANADA,MALE,111000,BS,6,2024-11-18
356,Jesse Perez,SALES,INDIA,MALE,116000,BS,5,2023-05-19
357,Jesse Perry,HARDWARE,USA,MALE,90000,BS,2,2025-03-01
358,Jeffery Ortega,HARDWARE,USA,FEMALE,111000,BS,7,2025-10-06
359,Christian Leblanc,SALES,CANADA,FEMALE,204000,MSIS,6,2023-07-27
360,Ronald Davis,SOFTWARE,USA,MALE,218000,MSIS,10,2023-11-30
361,Parker Cain,HARDWARE,USA,MALE,127000,BS,1,2024-10-14
362,Laurie Hoffman,SOFTWARE,CANADA,FEMALE,99000,BS,2,2023-12-15
363,Bryan Gomez,SOFTWARE,GERMANY,MALE,144000,MSIS,3,2024-11-23
364,Nicole Parrish,BUSINESS,CANADA,MALE,181000,MS,10,2025-06-02
365,Tracy Burke,SOFTWARE,INDIA,FEMALE,277000,PHD,3,2023-11-18
366,Kenneth Lewis,HARDWARE,USA,MALE,93000,BA,6,2025-04-18
367,Courtney Rodriguez,HARDWARE,USA,FEMALE,153000,MS,9,2024-09-01
368,Holly Farmer,SOFTWARE,USA,FEMALE,140000,BS,1,2023-11-11
369,Renee Bruce,HARDWARE,GERMANY,MALE,107000,BA,1,2024-08-26
370,Sabrina Austin,SOFTWARE,USA,MALE,196000,MSIS,10,2023-07-18
371,Allison Hickman,AI,USA,FEMALE,120000,BA,3,2023-06-17
372,Debra White,HARDWARE,USA,FEMALE,129000,BS,2,2025-08-22
373,Ellen Morgan,AI,USA,FEMALE,101000,BS,5,2024-01-14
374,Sergio Knight,HARDWARE,CANADA,MALE,137000,BS,7,2025-07-01
375,Charles Schultz,SALES,GERMANY,FEMALE,109000,BA,8,2024-04-08
376,Paul Lewis,HARDWARE,CHINA,MALE,142000,MSIS,10,2023-07-18
377,Glen Wood,HARDWARE,USA,FEMALE,114000,BA,6,2024-04-10
378,Paula Bradley,BUSINESS,USA,FEMALE,186000,MS,7,2025-08-30
379,Anthony Moore,SALES,CANADA,FEMALE,180000,MS,4,2023-06-11
380,Megan Nelson,HARDWARE,USA,MALE,154000,BS,1,2023-09-04
381,Karla Ramos,HARDWARE,CANADA,MALE,222000,PHD,8,2024-03-09
382,Paul Wilson,BUSINESS,USA,FEMALE,140000,MSIS,3,2023-06-10
383,Douglas Gregory,BUSINESS,USA,MALE,225000,PHD,7,2024-06-12
384,Mr. Andrew Foster,SOFTWARE,CANADA,FEMALE,101000,BS,2,2025-03-24
385,Aimee Turner,HARDWARE,CHINA,FEMALE,186000,MS,5,2023-01-26
386,Chad Scott,BUSINESS,USA,FEMALE,210000,MSIS,10,2023-08-19
387,Adam Burgess,SOFTWARE,CANADA,MALE,102000,BS,3,2023-07-26
388,James Padilla,SALES,USA,FEMALE,179000,MSIS,9,2024-06-24
389,Sandra Drake,AI,USA,MALE,150000,BS,8,2023-12-19
390,Scott Williams,MARKETING,USA,MALE,141000,BS,3,2025-03-21
391,Thomas Atkins,MARKETING,USA,MALE,223000,MSIS,6,2023-04-11
392,Laura Mckinney,HARDWARE,GERMANY,MALE,167000,MS,5,2024-11-22
393,Brian Smith,AI,USA,FEMALE,174000,MSIS,5,2025-10-03
394,Robert Montgomery,BUSINESS,USA,MALE,164000,MSIS,2,2024-09-07
395,Tamara Davis,SALES,USA,FEMALE,241000,PHD,8,2025-05-03
396,Dana Chapman,SOFTWARE,USA,FEMALE,144000,MS,2,2024-03-08
397,Jennifer Collins,SALES,CANADA,FEMALE,197000,MSIS,7,2023-04-26
398,Gary Jackson,SOFTWARE,USA,FEMALE,128000,MS,3,2025-11-03
399,Ashley Hicks,SOFTWARE,CANADA,MALE,93000,BS,9,2024-01-30
400,Hannah Luna,HARDWARE,USA,MALE,142000,MSIS,4,2023-03-09
401,Robin Young,HARDWARE,USA,FEMALE,115000,BS,6,2025-01-24
402,Craig Morrison,MARKETING,USA,MALE,185000,MSIS,9,2023-03-04
403,Mary Thompson,SOFTWARE,USA,MALE,147000,BS,8,2025-08-29
404,Kathleen Webster,AI,CANADA,MALE,164000,MS,6,2024-06-13
405,Joann Glass,HARDWARE,CANADA,MALE,156000,MS,2,2025-03-02
406,Madison Weber,AI,USA,MALE,129000,BA,10,2024-03-29
407,Lori Hernandez,MARKETING,CHINA,FEMALE,154000,MS,4,2025-11-17
408,Jeremy Turner,SOFTWARE,USA,MALE,110000,BA,1,2023-12-21
409,Anthony Romero,HARDWARE,USA,FEMALE,148000,MS,1,2024-09-17
410,Jesse Brown,SOFTWARE,CANADA,FEMALE,174000,MS,5,2024-12-15
411,Angela Lin,SOFTWARE,USA,FEMALE,149000,BS,4,2025-12-02
412,Lisa Hunter,BUSINESS,CHINA,MALE,209000,MSIS,7,2023-01-16
413,Julian Conner,HARDWARE,USA,FEMALE,191000,MS,6,2024-09-03
414,Joanna Pacheco,AI,USA,FEMALE,128000,MS,8,2024-07-20
415,Erica Alvarez,SOFTWARE,USA,FEMALE,153000,MS,5,2024-01-21
416,Antonio Garcia,AI,USA,FEMALE,83000,BA,4,2024-10-16
417,Gwendolyn Klein,AI,USA,FEMALE,203000,MS,1,2024-08-28
418,Carrie Wright,AI,USA,FEMALE,141000,BS,7,2023-03-14
419,Jeffrey Mills,SOFTWARE,CANADA,FEMALE,144000,MS,10,2024-03-31
420,Jake Campbell,HARDWARE,USA,FEMALE,205000,MS,8,2025-11-04
421,George Harper,HARDWARE,USA,FEMALE,113000,BS,3,2023-07-19
422,Maria Jones,SOFTWARE,CANADA,FEMALE,113000,BS,5,2023-07-02
423,Michael Mitchell,HARDWARE,CANADA,FEMALE,129000,BS,4,2024-11-09
424,Mary Escobar,SOFTWARE,USA,FEMALE,127000,BS,10,2023-08-30
425,Felicia Aguilar,HARDWARE,USA,FEMALE,99000,BS,10,2024-02-03
426,Gregory Ponce,SOFTWARE,USA,FEMALE,187000,MS,7,2025-04-26
427,Jenna Larson,SOFTWARE,USA,MALE,88000,BA,3,2024-12-02
428,Emily Bennett,SOFTWARE,CANADA,MALE,148000,BS,10,2024-10-09
429,Robin Santiago,SOFTWARE,USA,FEMALE,145000,MSIS,3,2024-11-12
430,Nancy Jennings,SOFTWARE,GERMANY,MALE,160000,MS,3,2023-01-10
431,Maria Henderson,SOFTWARE,USA,MALE,111000,BS,4,2025-09-29
432,Jack White,AI,USA,FEMALE,151000,MSIS,2,2025-05-29
433,Travis Tucker,HARDWARE,CANADA,MALE,139000,BS,8,2023-03-19
434,Chad Jones,SOFTWARE,USA,FEMALE,121000,MS,6,2025-12-23
435,Ashley Wise,SOFTWARE,USA,MALE,120000,BA,1,2024-04-08
436,Sophia Johnson,SOFTWARE,GERMANY,MALE,159000,MS,6,2023-07-30
437,Ralph Anderson,AI,GERMANY,MALE,129000,BS,10,2023-05-14
438,Christopher Guerra,AI,USA,FEMALE,172000,MSIS,5,2025-12-01
439,Rhonda Martin,HARDWARE,USA,MALE,175000,MS,6,2024-12-02
440,Jason Rhodes,SALES,INDIA,MALE,245000,PHD,8,2023-12-04
441,Jeremy Mitchell,SOFTWARE,CHINA,MALE,202000,PHD,7,2024-04-04
442,Joann Ferguson,MARKETING,USA,MALE,147000,MS,3,2025-10-30
443,Robert Harrison,SOFTWARE,USA,MALE,125000,BA,6,2025-02-07
444,Holly Valentine,SOFTWARE,CANADA,MALE,203000,MSIS,5,2023-04-09
445,Mrs. Diane Reyes,SOFTWARE,USA,MALE,126000,MS,1,2025-05-03
446,Tracy Montoya,SOFTWARE,GERMANY,FEMALE,122000,BS,2,2023-11-10
447,Brenda Wright,HARDWARE,CANADA,FEMALE,128000,BS,1,2023-07-26
448,Shelly Spencer,HARDWARE,USA,MALE,199000,MS,5,2025-05-07
449,Ryan Rosales,AI,CHINA,MALE,200000,MSIS,2,2024-08-01
450,Phillip Nelson,SOFTWARE,USA,MALE,111000,BA,2,2024-02-14
451,Brittany Kim,MARKETING,USA,FEMALE,160000,MSIS,9,2025-04-19
452,Courtney Hayes,SOFTWARE,USA,MALE,153000,BS,1,2025-09-11
453,Alexander Brown,HARDWARE,INDIA,MALE,91000,BS,1,2023-08-15
454,Cynthia Vang,SOFTWARE,CHINA,MALE,154000,MSIS,8,2025-11-13
455,Alfred Galvan,SOFTWARE,USA,MALE,96000,BA,2,2025-07-24
456,Marie Moody,AI,CANADA,FEMALE,233000,PHD,5,2023-04-13
457,Dustin Gallegos,SOFTWARE,GERMANY,FEMALE,82000,BA,3,2025-01-07
458,Brenda Thornton,AI,CANADA,MALE,189000,MSIS,6,2023-07-14
459,Aaron Miller,HARDWARE,USA,MALE,136000,MSIS,1,2023-12-16
460,Ruben Dunn,HARDWARE,USA,MALE,124000,BS,8,2025-02-02
461,Kelsey Rodriguez,SOFTWARE,CANADA,FEMALE,149000,MSIS,3,2025-03-30
462,Eric Williams,SALES,GERMANY,FEMALE,249000,PHD,5,2025-05-13
463,Riley Bryant,SOFTWARE,USA,MALE,134000,MS,3,2023-05-01
464,Taylor Carlson,SALES,CHINA,FEMALE,213000,PHD,3,2025-09-15
465,Jose Allen,AI,USA,FEMALE,158000,MSIS,8,2025-01-04
466,Jeffrey Mendez,SOFTWARE,USA,FEMALE,181000,MS,3,2023-08-20
467,Jason Beck,AI,GERMANY,MALE,140000,MSIS,8,2024-06-19
468,William Jones,SOFTWARE,USA,MALE,187000,MS,1,2024-11-23
469,Katie Mcneil,AI,CANADA,FEMALE,132000,MS,10,2024-05-24
470,Jeanette Harrison,MARKETING,USA,MALE,109000,BS,7,2023-01-24
471,Veronica King,HARDWARE,USA,FEMALE,184000,MS,3,2025-10-12
472,Richard Cooper,AI,CANADA,FEMALE,197000,MSIS,2,2024-05-08
473,Lori Ingram,SOFTWARE,CANADA,MALE,96000,BS,5,2025-02-14
474,Evelyn Williams,SOFTWARE,GERMANY,FEMALE,100000,BS,4,2025-06-28
475,Robin Thompson,AI,CHINA,FEMALE,146000,MSIS,8,2025-07-04
476,Julie Dominguez,SOFTWARE,USA,MALE,92000,BS,8,2025-04-06
477,Robin Brown,HARDWARE,CANADA,MALE,90000,BS,9,2024-09-15
478,Judith Carter,HARDWARE,USA,FEMALE,161000,MSIS,9,2024-11-29
479,Curtis Williams,HARDWARE,CANADA,FEMALE,118000,BS,1,2024-11-10
480,Kaylee Hays,HARDWARE,USA,FEMALE,196000,MS,10,2025-01-14
481,Dawn Mullins,AI,USA,MALE,132000,MS,2,2023-01-05
482,Howard Norman,SALES,USA,MALE,137000,BS,5,2023-04-04
483,Evelyn Martinez,HARDWARE,USA,FEMALE,152000,MSIS,8,2023-08-08
484,Steve Paul,SOFTWARE,USA,MALE,114000,BS,4,2025-03-15
485,Jasmine Beltran,SOFTWARE,CANADA,MALE,133000,BS,4,2025-04-28
486,Jonathan Glass MD,SALES,USA,FEMALE,87000,BA,10,2025-07-25
487,Monica Miller,SOFTWARE,CHINA,FEMALE,137000,MS,9,2023-01-09
488,Samantha Gardner,HARDWARE,USA,FEMALE,190000,MS,1,2025-09-16
489,Bobby Guerrero,HARDWARE,USA,MALE,274000,PHD,3,2023-09-20
490,Lance Simmons,SOFTWARE,CANADA,FEMALE,118000,BA,10,2025-10-29
491,Heather Williams,SOFTWARE,CHINA,MALE,212000,MSIS,7,2024-07-14
492,Heather Bolton,SOFTWARE,USA,FEMALE,127000,BS,6,2023-10-01
493,William Gould,AI,USA,FEMALE,124000,BA,10,2024-10-04
494,Mark Cox,MARKETING,GERMANY,MALE,200000,MS,9,2024-02-16
495,Meghan Cisneros,AI,USA,MALE,134000,BS,5,2023-12-31
496,Lawrence Harrington,SOFTWARE,CANADA,FEMALE,134000,MS,6,2025-09-10
497,Austin Osborne,SOFTWARE,USA,FEMALE,188000,MS,7,2025-05-15
498,James Bradley,SOFTWARE,USA,MALE,148000,MSIS,9,2025-02-19
499,Meghan Rush,SALES,CANADA,FEMALE,92000,BA,1,2023-11-26
500,Phillip Berry,SOFTWARE,INDIA,MALE,218000,PHD,5,2024-08-27
501,Jennifer Banks,HARDWARE,CANADA,FEMALE,94000,BS,9,2025-07-15
502,Brian Fitzgerald,SOFTWARE,USA,FEMALE,94000,BA,9,2024-05-01
503,Mr. Justin Green III,SOFTWARE,USA,MALE,205000,MS,5,2025-02-20
504,Zachary Mitchell,SALES,INDIA,MALE,96000,BS,6,2024-05-29
505,Katherine Martinez,MARKETING,GERMANY,FEMALE,118000,BS,8,2024-02-07
506,Jodi Roach,SALES,USA,FEMALE,172000,MSIS,4,2023-12-30
507,Brandon Fleming,SOFTWARE,USA,MALE,223000,PHD,2,2025-11-18
508,Emma Reed,BUSINESS,CHINA,FEMALE,107000,BA,1,2024-06-25
509,Joshua Vance,SOFTWARE,USA,MALE,96000,BA,10,2024-11-07
510,Michelle Ho,SOFTWARE,USA,MALE,95000,BS,3,2024-10-22
511,Rebecca Hicks,HARDWARE,INDIA,FEMALE,204000,MS,10,2025-10-01
512,Curtis Taylor,MARKETING,USA,MALE,180000,MSIS,9,2024-10-12
513,Allison Spencer,SOFTWARE,GERMANY,MALE,186000,MS,3,2025-10-31
514,Robert Arnold,SOFTWARE,USA,FEMALE,114000,BA,9,2023-07-08
515,Angelica Parker,AI,CANADA,FEMALE,132000,BS,4,2025-01-08
516,Dr. Kelly Hammond DVM,AI,USA,MALE,150000,BS,10,2023-08-23
517,William Day,SOFTWARE,CANADA,MALE,150000,MS,8,2023-03-23
518,Michael Cooper,SALES,GERMANY,MALE,168000,MS,6,2025-03-01
519,Penny Bowman,SOFTWARE,USA,FEMALE,93000,BS,5,2025-11-19
520,Vincent Reynolds,BUSINESS,GERMANY,MALE,197000,MSIS,8,2024-08-30
521,Amy Martinez,HARDWARE,USA,MALE,176000,MSIS,4,2023-07-16
522,Christopher Morris,HARDWARE,USA,MALE,114000,BA,9,2023-05-15
523,Hannah Everett,HARDWARE,CHINA,MALE,144000,BS,4,2024-02-26
524,Sarah King,SOFTWARE,CANADA,MALE,202000,MS,7,2023-11-11
525,Krista Martinez,MARKETING,INDIA,MALE,82000,BA,6,2023-05-31
526,Joseph Shaw,AI,USA,MALE,115000,BA,5,2024-04-11
527,Todd Moore,HARDWARE,USA,FEMALE,184000,MSIS,7,2025-04-08
528,Michelle Jacobs,SOFTWARE,GERMANY,MALE,139000,BS,1,2025-12-31
529,Kristy Bryan,AI,USA,MALE,84000,BA,10,2023-05-29
530,Angel May,HARDWARE,GERMANY,FEMALE,103000,BS,9,2024-09-09
531,Marilyn Wang,HARDWARE,USA,FEMALE,176000,MS,5,2025-03-20
532,Mark Jimenez,SOFTWARE,GERMANY,MALE,195000,MSIS,1,2025-12-28
533,Donna Frye,SOFTWARE,USA,MALE,127000,BS,7,2024-09-02
534,Dr. Michael Evans,SOFTWARE,CANADA,MALE,121000,MS,6,2023-09-10
535,Anthony Gonzales,BUSINESS,USA,FEMALE,118000,BA,10,2023-06-24
536,Mr. Lawrence Edwards,HARDWARE,USA,FEMALE,117000,BS,6,2025-11-15
537,Morgan Valencia,SOFTWARE,USA,FEMALE,94000,BA,3,2024-02-02
538,Bianca Wood,SOFTWARE,CANADA,FEMALE,83000,BA,10,2023-05-30
539,Emma Owens,SOFTWARE,USA,MALE,122000,BS,2,2024-02-09
540,David Davis,HARDWARE,USA,FEMALE,162000,MS,8,2023-09-20
541,James Gilbert,MARKETING,GERMANY,FEMALE,132000,MS,4,2023-05-23
542,Sean Moore,SALES,GERMANY,FEMALE,197000,MSIS,6,2024-11-03
543,Kenneth Edwards,BUSINESS,USA,MALE,194000,MS,5,2025-01-16
544,Kathleen Robertson,SOFTWARE,CHINA,MALE,156000,MSIS,7,2024-10-03
545,Mr. Alexander Landry MD,AI,USA,FEMALE,145000,BS,4,2025-01-06
546,Cindy Gomez,SOFTWARE,CHINA,FEMALE,110000,BA,6,2025-07-01
547,Johnny Khan,SALES,CHINA,MALE,152000,BS,5,2023-12-26
548,Julie Herrera,AI,USA,MALE,155000,MS,2,2024-02-07
549,Jessica Khan,SOFTWARE,CANADA,MALE,99000,BS,2,2025-11-04
550,Pamela Diaz,HARDWARE,INDIA,FEMALE,194000,MS,10,2024-03-11
551,Kelly Lee,SOFTWARE,CANADA,FEMALE,168000,MSIS,9,2023-11-01
552,Angel Gordon,SOFTWARE,USA,MALE,127000,BS,4,2025-08-09
553,Diana Hays,SOFTWARE,CANADA,FEMALE,170000,MS,2,2025-10-25
554,Barbara Hester,HARDWARE,USA,MALE,119000,BA,4,2025-11-18
555,Robert Morgan,AI,CANADA,MALE,91000,BA,3,2025-09-17
556,Nicole Gonzalez,BUSINESS,USA,FEMALE,228000,PHD,1,2024-04-19
557,Kathryn Williams,MARKETING,USA,MALE,94000,BA,6,2024-02-28
558,Gary Wells,HARDWARE,USA,FEMALE,169000,MS,6,2025-07-20
559,Larry Robertson,SALES,INDIA,FEMALE,218000,MSIS,1,2023-07-31
560,Louis Martin,AI,USA,FEMALE,201000,MS,9,2024-06-23
561,Nancy Evans MD,SOFTWARE,CANADA,FEMALE,142000,MS,10,2025-02-14
562,Kim Erickson,HARDWARE,INDIA,FEMALE,122000,BS,2,2024-04-01
563,Robert Richardson,SALES,USA,FEMALE,164000,MS,6,2025-09-14
564,Veronica Silva,HARDWARE,GERMANY,MALE,199000,MSIS,1,2025-06-19
565,Molly Watts,HARDWARE,CANADA,FEMALE,112000,BA,2,2024-03-09
566,John Coffey,HARDWARE,USA,MALE,103000,BA,3,2024-04-16
567,Paula Lane,SOFTWARE,GERMANY,FEMALE,104000,BS,6,2025-09-07
568,Lauren Jackson,AI,CANADA,FEMALE,110000,BS,10,2023-02-15
569,Lisa Randall,SOFTWARE,USA,MALE,110000,BS,3,2025-11-15
570,Michael Johnson,AI,USA,MALE,89000,BA,10,2023-12-07
571,Ashley Smith,AI,USA,MALE,141000,BS,3,2024-08-03
572,Christian Vaughn,AI,INDIA,FEMALE,257000,PHD,4,2025-09-13
573,Reginald Knapp,HARDWARE,USA,MALE,118000,BA,7,2024-01-08
574,Nancy Brown,HARDWARE,USA,MALE,153000,MS,9,2024-12-02
575,Daniel Nguyen,BUSINESS,USA,MALE,275000,PHD,10,2024-04-15
576,Kelly Edwards,BUSINESS,GERMANY,MALE,103000,BS,3,2024-02-19
577,Thomas Peterson,HARDWARE,CANADA,MALE,173000,MS,9,2023-07-17
578,Raymond Le,BUSINESS,GERMANY,MALE,118000,BA,10,2025-12-24
579,Melissa Bishop,BUSINESS,USA,FEMALE,131000,MS,2,2023-09-24
580,David Grant,MARKETING,CHINA,FEMALE,135000,MSIS,9,2025-12-05
581,William Evans,HARDWARE,USA,MALE,144000,BS,1,2025-09-14
582,Daniel Bush,SALES,USA,MALE,179000,MSIS,7,2025-05-21
583,Gregory Peck,HARDWARE,USA,MALE,129000,BA,8,2023-06-21
584,Denise Martinez,MARKETING,USA,FEMALE,142000,BS,9,2024-01-23
585,Jamie Baird,SOFTWARE,GERMANY,MALE,116000,BA,1,2025-11-30
586,Tina Ballard,SOFTWARE,CANADA,FEMALE,124000,BA,4,2025-04-17
587,Dwayne Klein,SOFTWARE,USA,FEMALE,144000,BS,3,2024-06-19
588,Jeremy Scott,AI,USA,FEMALE,207000,MSIS,7,2024-07-18
589,Dale Ryan,SOFTWARE,USA,FEMALE,226000,PHD,7,2025-09-15
590,Melissa Taylor,HARDWARE,USA,FEMALE,115000,BA,9,2024-06-03
591,Laurie Sanchez,SOFTWARE,USA,FEMALE,244000,PHD,10,2023-10-10
592,Kiara Little,SOFTWARE,USA,FEMALE,164000,MSIS,2,2023-11-28
593,Jason Love,SOFTWARE,USA,FEMALE,105000,BA,9,2023-04-17
594,Randy Smith,SOFTWARE,CANADA,MALE,85000,BA,1,2025-08-23
595,Tanya Russell,SOFTWARE,USA,MALE,211000,PHD,7,2024-06-22
596,Sherry Woods,SOFTWARE,USA,FEMALE,94000,BS,2,2025-03-31
597,Victor Morris,SOFTWARE,CANADA,MALE,156000,MS,9,2023-12-25
598,Susan Davis,SALES,USA,MALE,121000,MS,8,2025-11-27
599,Kimberly Sharp,BUSINESS,USA,MALE,155000,BS,1,2023-12-14
600,Susan Thompson,SOFTWARE,INDIA,MALE,150000,MS,6,2023-11-19
601,Casey Gillespie,HARDWARE,USA,FEMALE,129000,BA,5,2024-12-24
602,Jennifer Simpson DVM,SALES,USA,MALE,195000,MS,7,2025-11-26
603,Tammy Mcdowell,SALES,INDIA,FEMALE,85000,BA,2,2024-12-13
604,Keith Rodriguez,HARDWARE,GERMANY,MALE,118000,BS,5,2025-07-20
605,Mrs. Virginia Daniels,SOFTWARE,USA,FEMALE,200000,PHD,10,2023-12-25
606,Todd Rosales MD,MARKETING,CANADA,FEMALE,99000,BS,2,2024-11-27
607,Brian Martin,BUSINESS,CANADA,FEMALE,232000,PHD,9,2025-06-25
608,David Lopez,HARDWARE,USA,MALE,261000,PHD,10,2024-11-26
609,Rachel Bradley,HARDWARE,USA,MALE,258000,PHD,8,2025-09-14
610,Casey Chase,AI,USA,MALE,104000,BA,2,2024-04-15
611,Samantha Robertson,SOFTWARE,USA,MALE,180000,MSIS,7,2024-06-23
612,Michael Lopez,AI,USA,FEMALE,141000,BS,2,2023-06-05
613,Franklin Wright,AI,CHINA,FEMALE,180000,MS,3,2024-12-25
614,David Molina,HARDWARE,INDIA,MALE,124000,BS,10,2024-01-25
615,Elizabeth Sharp,SOFTWARE,CANADA,MALE,120000,BS,4,2024-06-27
616,Matthew Schwartz,SOFTWARE,CANADA,FEMALE,121000,BS,4,2023-11-16
617,Bryan Parker,HARDWARE,USA,FEMALE,145000,MSIS,2,2023-01-14
618,Jonathan Jacobson,HARDWARE,USA,FEMALE,140000,MSIS,9,2025-01-30
619,Emily Wilson,SALES,USA,FEMALE,193000,MS,8,2025-10-02
620,Elizabeth Mendez,SALES,GERMANY,FEMALE,97000,BA,9,2024-03-30
621,Casey Hernandez,SOFTWARE,USA,FEMALE,141000,MSIS,3,2025-09-06
622,Lisa Perry,SOFTWARE,CANADA,FEMALE,264000,PHD,1,2025-03-17
623,Kaitlin Medina,HARDWARE,USA,MALE,193000,MSIS,3,2025-11-27
624,Colleen Wright,SOFTWARE,CHINA,MALE,91000,BS,1,2025-02-16
625,Shelley Miller,BUSINESS,USA,FEMALE,166000,MS,6,2024-01-19
626,Michael Miller,SOFTWARE,USA,FEMALE,154000,MS,4,2024-12-03
627,Amy Kelley,AI,CANADA,MALE,144000,BS,8,2025-05-08
628,Laura Hernandez,SOFTWARE,GERMANY,FEMALE,166000,MS,6,2024-07-26
629,Joseph Wilson,SOFTWARE,USA,MALE,106000,BS,10,2023-07-24
630,Kevin Davis,HARDWARE,CANADA,FEMALE,191000,MS,4,2025-02-19
631,Rhonda Chavez,AI,CANADA,MALE,110000,BA,3,2023-12-28
632,Joyce Brown,SALES,GERMANY,FEMALE,130000,BS,3,2024-09-06
633,Robert Cummings,SOFTWARE,USA,FEMALE,96000,BS,10,2023-07-22
634,Robert Reese,HARDWARE,CANADA,FEMALE,147000,MS,1,2025-09-02
635,Amber Cooper,HARDWARE,USA,FEMALE,192000,MSIS,2,2024-06-16
636,Zachary Michael,HARDWARE,USA,FEMALE,122000,BS,9,2023-02-10
637,Timothy Johnson,SOFTWARE,USA,MALE,115000,BS,6,2024-08-05
638,Randy Cannon,SOFTWARE,CHINA,FEMALE,152000,BS,9,2023-06-10
639,Maria Fisher,HARDWARE,USA,MALE,149000,BS,5,2023-12-10
640,Janet Kane DVM,SOFTWARE,USA,FEMALE,173000,MS,6,2023-05-27
641,Michael Stanley,SALES,CANADA,FEMALE,94000,BA,6,2024-10-10
642,Martha Bailey,MARKETING,CANADA,FEMALE,197000,MS,5,2024-07-09
643,Joshua Rice,SOFTWARE,USA,FEMALE,210000,MSIS,6,2025-04-27
644,Courtney Smith,SOFTWARE,USA,MALE,88000,BA,1,2024-05-30
645,Edwin Nunez,SOFTWARE,USA,MALE,226000,PHD,2,2025-03-24
646,Kim Morrow,HARDWARE,CANADA,MALE,110000,BA,2,2023-02-23
647,Gregory Hill,AI,USA,MALE,145000,MSIS,9,2024-06-21
648,Molly Rodriguez,MARKETING,USA,FEMALE,203000,MS,2,2024-09-25
649,Jennifer Miranda,SOFTWARE,USA,MALE,146000,BS,5,2023-09-26
650,Alexis Harris,AI,CANADA,MALE,123000,MS,3,2024-12-31
651,Andrew Harper,SOFTWARE,USA,FEMALE,195000,MSIS,6,2024-07-11
652,Amber Yang,SOFTWARE,CANADA,MALE,189000,MS,3,2025-07-24
653,David Robinson,HARDWARE,USA,FEMALE,175000,MS,10,2024-12-12
654,Amy Gordon,AI,USA,FEMALE,101000,BS,4,2024-09-22
655,Robert Dennis,SOFTWARE,USA,FEMALE,109000,BS,5,2023-01-22
656,Kyle Chambers,HARDWARE,USA,FEMALE,102000,BA,3,2025-08-18
657,Eric Thomas,SOFTWARE,CANADA,FEMALE,181000,MS,8,2023-01-19
658,Connie Turner,SALES,USA,MALE,211000,MSIS,5,2023-01-15
659,Travis Hobbs,HARDWARE,USA,FEMALE,172000,MS,4,2025-03-19
660,Lori Simmons,AI,CANADA,MALE,138000,BS,7,2024-06-22
661,William David DDS,SOFTWARE,CANADA,FEMALE,113000,BA,4,2024-08-06
662,Emma Butler,HARDWARE,CANADA,FEMALE,154000,MS,9,2024-01-21
663,James Webster,AI,USA,FEMALE,152000,MSIS,3,2023-08-15
664,Samuel Turner,SOFTWARE,USA,FEMALE,177000,MS,10,2025-10-04
665,Renee Melendez,SOFTWARE,GERMANY,MALE,89000,BA,1,2025-12-31
666,Tracy Grant,HARDWARE,USA,FEMALE,98000,BA,2,2023-09-14
667,David Harris,AI,USA,MALE,149000,MS,1,2023-11-05
668,Tammy Boone,AI,USA,FEMALE,101000,BA,4,2024-09-30
669,Nathaniel Lee,HARDWARE,CANADA,FEMALE,182000,MSIS,8,2023-03-06
670,Michael Morrison,SALES,CHINA,FEMALE,97000,BS,3,2025-03-14
671,Chelsea Gill,SOFTWARE,USA,MALE,91000,BA,8,2024-05-27
672,Kristin Mendoza,SOFTWARE,CANADA,MALE,150000,MSIS,1,2025-02-27
673,Felicia Krueger,SALES,CANADA,MALE,166000,MSIS,8,2024-02-12
674,Timothy Hayden,HARDWARE,CANADA,FEMALE,116000,BS,2,2025-03-07
675,Zachary Mendoza,SOFTWARE,CANADA,MALE,161000,MS,5,2023-03-28
676,Larry Harris,SOFTWARE,GERMANY,MALE,186000,MS,9,2024-06-02
677,Kristen Rowe,SALES,USA,FEMALE,115000,BS,5,2023-04-17
678,Joseph Howard,AI,USA,MALE,149000,MSIS,4,2025-06-08
679,Jose Crawford,HARDWARE,USA,MALE,125000,BS,3,2025-03-21
680,William Harrison,SOFTWARE,INDIA,FEMALE,140000,MSIS,1,2023-11-14
681,Suzanne Wood,AI,USA,MALE,121000,BS,2,2025-10-20
682,Justin Walker,HARDWARE,USA,MALE,101000,BA,10,2023-05-03
683,Dean Donovan,BUSINESS,USA,MALE,103000,BS,3,2025-09-26
684,Jennifer Hernandez,HARDWARE,USA,FEMALE,134000,BS,9,2024-01-31
685,James Whitaker,HARDWARE,USA,MALE,102000,BA,7,2024-05-28
686,Mr. Michael Scott PhD,SOFTWARE,CANADA,FEMALE,225000,MSIS,8,2024-08-26
687,Maria Henry,HARDWARE,GERMANY,MALE,144000,MS,8,2024-12-13
688,Robert Jackson,AI,INDIA,MALE,125000,BS,8,2023-05-22
689,Katherine Stark,BUSINESS,USA,FEMALE,157000,MS,8,2025-01-21
690,Maria Brown,MARKETING,USA,MALE,138000,BS,9,2023-02-08
691,Ryan Landry,SOFTWARE,USA,MALE,199000,MS,6,2024-10-18
692,Pamela Gutierrez,SALES,USA,MALE,169000,MS,9,2025-12-09
693,Crystal Mann,BUSINESS,CANADA,FEMALE,139000,MS,9,2024-10-22
694,Jonathan Brooks,SOFTWARE,USA,MALE,104000,BS,6,2025-12-07
695,Mary Jensen,SOFTWARE,CANADA,MALE,136000,MS,1,2023-03-06
696,Mr. Aaron Arnold,SOFTWARE,USA,MALE,114000,BS,8,2023-03-07
697,Joseph Hill,SALES,CHINA,FEMALE,204000,MS,7,2025-12-12
698,Alicia Li,SOFTWARE,USA,MALE,152000,MS,10,2025-01-20
699,Renee Browning,SOFTWARE,USA,MALE,91000,BS,2,2025-10-03
700,Brent Hernandez,HARDWARE,CANADA,MALE,259000,PHD,2,2025-01-09
701,Joseph Ochoa,SOFTWARE,USA,MALE,167000,MS,7,2024-06-28
702,James Watson,SOFTWARE,GERMANY,MALE,158000,MS,2,2024-03-18
703,Karl Branch,SOFTWARE,USA,MALE,212000,PHD,2,2025-12-24
704,Michael Abbott,HARDWARE,USA,MALE,121000,BS,4,2025-04-30
705,Shannon Malone,SALES,USA,FEMALE,165000,MS,10,2025-05-24
706,James Tran,AI,USA,FEMALE,158000,MSIS,3,2025-10-30
707,Adam Jackson,SOFTWARE,USA,FEMALE,146000,BS,3,2024-10-07
708,Mr. Richard Knight PhD,SOFTWARE,USA,FEMALE,167000,MS,6,2025-05-31
709,Joseph Williams,AI,USA,MALE,212000,MSIS,6,2024-03-14
710,Sean Clay,SOFTWARE,USA,FEMALE,122000,BS,9,2025-07-15
711,Anthony Jones,SOFTWARE,USA,MALE,90000,BS,7,2024-08-05
712,Stephanie Elliott,SOFTWARE,USA,FEMALE,137000,MS,9,2023-01-14
713,Timothy Edwards,BUSINESS,GERMANY,FEMALE,117000,BS,4,2023-02-14
714,Laurie Goodwin,HARDWARE,USA,MALE,205000,MSIS,5,2023-07-13
715,Jennifer Jones,AI,GERMANY,MALE,89000,BA,6,2024-06-26
716,David Davenport,HARDWARE,USA,MALE,121000,BS,10,2024-06-08
717,Steven Rivera,SOFTWARE,USA,FEMALE,208000,MSIS,2,2024-03-21
718,Brenda Hinton,AI,CANADA,MALE,181000,MS,6,2025-09-26
719,Kathryn Mccann,AI,CANADA,FEMALE,147000,MSIS,10,2023-03-18
720,Jeffrey Roberson,SOFTWARE,USA,MALE,168000,MS,10,2023-04-25
721,Randy Friedman,SOFTWARE,USA,FEMALE,244000,PHD,6,2025-05-03
722,Raymond Johnson,MARKETING,USA,MALE,229000,PHD,2,2025-02-22
723,Willie Henry,HARDWARE,USA,FEMALE,82000,BA,9,2023-11-03
724,Todd Reynolds,SALES,GERMANY,MALE,109000,BS,4,2025-03-15
725,Mary Miller,HARDWARE,CANADA,MALE,273000,PHD,10,2024-03-30
726,Rebecca Marquez,SALES,CANADA,MALE,108000,BS,7,2024-11-19
727,Christian Dawson,SOFTWARE,USA,MALE,127000,BA,10,2025-03-28
728,Nancy Stewart,SOFTWARE,USA,FEMALE,154000,BS,7,2023-09-25
729,Aaron Parker,SALES,CANADA,MALE,206000,MSIS,8,2025-09-26
730,Derrick Anderson,SALES,USA,MALE,115000,BS,10,2024-05-11
731,Jerry Peters,HARDWARE,USA,MALE,100000,BA,7,2023-08-19
732,Alexander Gomez,SOFTWARE,USA,FEMALE,166000,MS,7,2024-01-26
733,Kyle Nguyen,AI,CANADA,FEMALE,93000,BS,10,2023-12-13
734,Edgar Hughes,SOFTWARE,USA,MALE,256000,PHD,10,2025-06-21
735,Steven Stein,SOFTWARE,USA,FEMALE,92000,BA,4,2023-11-16
736,Laura Jackson,SALES,USA,MALE,149000,MSIS,2,2024-05-12
737,Charles Turner,MARKETING,CHINA,MALE,236000,PHD,3,2024-12-04
738,Arthur Hamilton MD,HARDWARE,USA,FEMALE,159000,MS,2,2025-08-22
739,Mr. David Wright,AI,CHINA,MALE,127000,BA,4,2024-02-22
740,Linda Gonzalez,AI,CANADA,FEMALE,190000,MS,5,2023-10-17
741,Eric Rush,BUSINESS,USA,MALE,168000,MS,1,2024-06-07
742,Manuel Brock,SOFTWARE,CANADA,FEMALE,92000,BA,5,2023-04-19
743,George Ochoa,SOFTWARE,CANADA,FEMALE,98000,BS,1,2024-07-09
744,Valerie Taylor,SOFTWARE,USA,MALE,133000,MS,6,2024-08-22
745,Travis Harris,HARDWARE,USA,FEMALE,164000,MSIS,7,2025-11-07
746,Vincent Novak,HARDWARE,USA,FEMALE,240000,PHD,2,2025-12-24
747,Michael Henry,SOFTWARE,USA,FEMALE,112000,BA,4,2023-02-14
748,Dana Bennett,HARDWARE,USA,FEMALE,99000,BA,9,2025-09-30
749,Jenna Wilson,MARKETING,CANADA,FEMALE,92000,BS,3,2024-12-21
750,Leslie Gardner,SOFTWARE,USA,FEMALE,120000,BS,5,2023-05-07
751,Krista Benton,AI,USA,FEMALE,123000,MS,7,2024-04-06
752,Michael Gonzales,SOFTWARE,CANADA,MALE,122000,BA,7,2023-06-29
753,Michael Fuentes,HARDWARE,USA,MALE,198000,MS,9,2025-05-04
754,Jennifer Porter,HARDWARE,GERMANY,FEMALE,144000,BS,3,2024-11-05
755,Dana Hopkins,HARDWARE,USA,MALE,116000,BS,3,2024-02-19
756,Rachel Jones,SOFTWARE,CANADA,MALE,223000,MSIS,5,2025-05-30
757,Karen Morales DDS,SOFTWARE,USA,MALE,272000,PHD,3,2024-10-12
758,Melissa Stephens,SOFTWARE,USA,MALE,126000,BA,9,2024-01-13
759,Heather Woodard,HARDWARE,USA,FEMALE,93000,BS,3,2025-04-27
760,Margaret Miller,AI,CANADA,FEMALE,256000,PHD,5,2023-11-08
761,Mary Kelly,SOFTWARE,USA,MALE,151000,MSIS,2,2023-02-23
762,Amanda Terrell,SOFTWARE,USA,FEMALE,213000,MSIS,10,2024-04-17
763,Jennifer Goodwin,SOFTWARE,CHINA,FEMALE,123000,MS,4,2023-06-12
764,Jessica Smith,BUSINESS,GERMANY,FEMALE,137000,MS,8,2025-02-04
765,Jorge Stone,BUSINESS,USA,FEMALE,111000,BA,7,2023-10-09
766,Laura Griffin,SOFTWARE,CHINA,FEMALE,82000,BA,4,2023-01-31
767,Raymond Chapman,SALES,CANADA,MALE,228000,PHD,7,2024-02-23
768,Haley Johnson,SOFTWARE,USA,FEMALE,119000,BA,8,2024-10-27
769,Jason Nixon,SOFTWARE,USA,FEMALE,189000,MSIS,4,2023-03-27
770,Todd Thomas,SALES,GERMANY,FEMALE,160000,MS,7,2025-12-11
771,Jesse Clark,HARDWARE,USA,MALE,186000,MS,1,2025-07-13
772,Mr. Jeffrey Horton,HARDWARE,CANADA,FEMALE,121000,BS,1,2023-03-22
773,Eric Patrick,AI,USA,MALE,200000,MS,9,2024-01-24
774,Samuel Wong,SALES,USA,FEMALE,128000,BS,7,2025-08-02
775,Carly Riggs,AI,USA,MALE,119000,BA,5,2025-11-24
776,Christopher Moore,MARKETING,INDIA,FEMALE,217000,MSIS,8,2023-07-05
777,Tina Hall,SOFTWARE,GERMANY,MALE,143000,MS,2,2025-03-16
778,Cody Davidson,HARDWARE,USA,MALE,93000,BS,8,2025-07-18
779,Allen Mendez,SALES,USA,MALE,178000,MS,4,2024-05-27
780,Kevin Price,SOFTWARE,CANADA,MALE,105000,BS,3,2023-08-22
781,Christine Goodwin,MARKETING,USA,FEMALE,130000,MS,6,2025-11-13
782,Amy Garcia,SOFTWARE,USA,FEMALE,168000,MS,3,2023-03-31
783,Chelsea Nguyen,SALES,USA,MALE,207000,MSIS,6,2023-11-29
784,Dennis Huffman,SOFTWARE,USA,FEMALE,141000,MSIS,3,2024-09-22
785,Margaret Harper,SOFTWARE,USA,MALE,126000,BS,8,2023-08-29
786,Laurie Bailey,AI,CHINA,FEMALE,135000,MSIS,4,2023-01-26
787,Lisa Cervantes,HARDWARE,GERMANY,FEMALE,90000,BS,8,2024-05-02
788,Elizabeth Mendez,SOFTWARE,USA,FEMALE,148000,BS,8,2025-06-23
789,Cesar Wilson,HARDWARE,USA,MALE,80000,BA,10,2024-07-23
790,Clayton Steele,HARDWARE,USA,MALE,146000,MS,9,2024-01-14
791,Jennifer Taylor,HARDWARE,USA,MALE,82000,BA,6,2023-03-08
792,Cody Reid,HARDWARE,USA,FEMALE,158000,MS,10,2023-06-29
793,Maria Cooke,HARDWARE,INDIA,MALE,91000,BA,7,2024-08-05
794,Katherine Taylor,MARKETING,USA,MALE,193000,MS,10,2025-07-21
795,Jerry Brown,SOFTWARE,CANADA,MALE,124000,MS,6,2024-09-04
796,Adam Taylor,BUSINESS,USA,FEMALE,98000,BS,7,2023-05-13
797,Tracey Wagner,SOFTWARE,CHINA,FEMALE,105000,BS,3,2024-11-05
798,Michael Perry PhD,AI,USA,MALE,146000,MS,9,2023-04-30
799,Bradley Johnson DDS,HARDWARE,CANADA,FEMALE,85000,BA,9,2024-08-11
800,Donald Medina,SOFTWARE,INDIA,FEMALE,123000,BS,6,2023-09-23
801,Jim Newton,HARDWARE,USA,FEMALE,186000,MS,8,2025-10-05
802,Krista Wilson,SOFTWARE,GERMANY,FEMALE,164000,MSIS,10,2024-02-01
803,Reginald Morrow,SOFTWARE,USA,MALE,109000,BA,1,2024-02-29
804,Rodney Williams,SALES,USA,MALE,187000,MSIS,7,2024-11-14
805,Kimberly Fritz,HARDWARE,USA,MALE,91000,BS,4,2024-07-30
806,Ronald Potter,AI,GERMANY,FEMALE,129000,BS,2,2025-11-03
807,Zachary Cole,SOFTWARE,USA,FEMALE,134000,MS,1,2024-11-30
808,Robert Gonzales,HARDWARE,USA,MALE,93000,BS,10,2024-02-02
809,Patricia Young PhD,HARDWARE,USA,FEMALE,151000,BS,6,2023-03-14
810,Heather Page,HARDWARE,CANADA,FEMALE,139000,MS,8,2024-11-17
811,Carol Taylor,SOFTWARE,USA,FEMALE,97000,BS,7,2024-10-08
812,Daniel Brown,HARDWARE,CANADA,FEMALE,146000,MS,1,2024-12-25
813,Douglas Ryan,HARDWARE,USA,MALE,97000,BA,3,2024-11-25
814,Michael Roberts,HARDWARE,USA,FEMALE,221000,PHD,9,2024-01-19
815,Scott Duke,HARDWARE,USA,MALE,160000,MS,5,2024-07-10
816,Anna Estes,SOFTWARE,GERMANY,FEMALE,120000,BS,8,2025-07-14
817,Tamara Riddle,BUSINESS,USA,FEMALE,162000,MSIS,5,2023-12-25
818,Beth Cline,SOFTWARE,USA,MALE,129000,BA,1,2023-07-09
819,Michael Poole,HARDWARE,USA,MALE,151000,BS,1,2024-01-25
820,Megan Burns,SALES,USA,FEMALE,129000,BS,8,2023-10-21
821,Debra Perry,SOFTWARE,USA,MALE,201000,MSIS,2,2024-02-25
822,Mark Beard,AI,USA,MALE,169000,MS,8,2023-01-09
823,Jose Ramirez,SOFTWARE,CANADA,FEMALE,101000,BS,1,2025-08-14
824,Jackie Clements,SOFTWARE,USA,FEMALE,201000,MSIS,2,2023-02-16
825,Aaron Schroeder,HARDWARE,INDIA,MALE,201000,MS,5,2024-10-19
826,Monica Ellis,SOFTWARE,CANADA,FEMALE,125000,BS,5,2025-06-22
827,Heather Brown,SOFTWARE,GERMANY,MALE,139000,MS,5,2024-07-14
828,Claudia Jordan,SALES,USA,MALE,115000,BA,10,2024-02-28
829,Derrick Clayton,SOFTWARE,INDIA,FEMALE,160000,MS,9,2023-10-17
830,Kenneth Knight,HARDWARE,USA,MALE,273000,PHD,5,2023-12-17
831,Mr. Michael Williams,SOFTWARE,USA,FEMALE,101000,BA,10,2023-04-14
832,Richard Stevens,HARDWARE,USA,MALE,123000,BA,8,2023-08-05
833,Scott Alexander,HARDWARE,INDIA,FEMALE,144000,BS,2,2024-01-02
834,Tyler Harris,SOFTWARE,USA,FEMALE,200000,MS,10,2024-12-29
835,Bonnie Santos,AI,USA,FEMALE,100000,BS,4,2023-09-27
836,Timothy Hill,BUSINESS,USA,FEMALE,86000,BA,8,2024-09-27
837,Danielle Watson,SALES,USA,MALE,180000,MS,8,2024-04-03
838,Carol Sanders,HARDWARE,USA,FEMALE,96000,BA,10,2025-03-13
839,Michael Young,SALES,USA,FEMALE,130000,BA,6,2025-07-17
840,Michele Smith,SOFTWARE,USA,MALE,150000,BS,2,2024-12-20
841,Casey Perez,SOFTWARE,CANADA,FEMALE,126000,BS,3,2023-09-18
842,Alexandra Dominguez,BUSINESS,USA,FEMALE,133000,MS,7,2023-05-26
843,Virginia Henderson,HARDWARE,GERMANY,FEMALE,194000,MSIS,9,2025-04-26
844,Benjamin Reyes,HARDWARE,CANADA,FEMALE,110000,BS,4,2025-02-25
845,Ashley Edwards,SOFTWARE,CANADA,FEMALE,124000,BA,4,2025-06-10
846,Breanna Ayala,SOFTWARE,USA,MALE,189000,MS,6,2023-12-21
847,Brandi Haney,SOFTWARE,USA,FEMALE,193000,MS,2,2023-08-23
848,Joseph Smith,SOFTWARE,USA,MALE,161000,MS,8,2025-06-30
849,Jessica Bowen,HARDWARE,CANADA,MALE,84000,BA,7,2025-02-15
850,Brittany Jenkins,AI,CHINA,MALE,101000,BS,1,2023-10-12
851,Shannon Miller,SOFTWARE,USA,MALE,153000,MSIS,1,2025-07-16
852,Paul Lawrence,HARDWARE,USA,FEMALE,198000,MS,7,2024-02-05
853,Victor Edwards,HARDWARE,USA,FEMALE,128000,BS,6,2025-06-09
854,Donald Miller,AI,USA,MALE,131000,MS,6,2025-11-11
855,Lindsay Lawson,HARDWARE,USA,MALE,127000,BS,3,2025-01-26
856,Melissa Abbott,AI,USA,FEMALE,135000,MSIS,1,2023-08-13
857,Elizabeth Holmes,BUSINESS,GERMANY,FEMALE,165000,MSIS,1,2025-03-18
858,Nicole Phillips,SOFTWARE,CHINA,FEMALE,171000,MS,7,2025-06-10
859,Steven Blevins,SOFTWARE,INDIA,MALE,180000,MS,3,2024-01-21
860,Brian Porter MD,SOFTWARE,USA,MALE,173000,MS,6,2024-08-13
861,Vanessa Hatfield,SOFTWARE,CHINA,MALE,217000,PHD,3,2023-05-27
862,Bonnie Valencia,SOFTWARE,CANADA,FEMALE,182000,MS,3,2023-10-06
863,Holly Vega,AI,USA,FEMALE,109000,BA,7,2024-01-04
864,Tiffany Townsend,MARKETING,USA,FEMALE,147000,BS,7,2024-12-28
865,Austin Baker,SOFTWARE,USA,FEMALE,90000,BS,7,2024-04-29
866,Antonio Mccormick,SOFTWARE,USA,FEMALE,172000,MS,5,2023-03-10
867,Lori Mason,AI,USA,FEMALE,261000,PHD,10,2023-08-20
868,Michael Miller,SALES,USA,FEMALE,138000,MS,2,2025-08-10
869,Lisa Ramirez,AI,USA,MALE,198000,MS,9,2024-05-17
870,Jorge Harris,SOFTWARE,CANADA,MALE,129000,BS,2,2024-12-04
871,Kimberly Myers,MARKETING,USA,FEMALE,180000,MS,1,2025-11-15
872,Sandra Becker,HARDWARE,INDIA,FEMALE,177000,MSIS,10,2024-12-23
873,Michael Blair,HARDWARE,USA,MALE,237000,PHD,5,2023-03-14
874,Amy Miller,HARDWARE,USA,FEMALE,158000,MS,10,2023-05-06
875,Jesse Lynch,AI,CANADA,MALE,141000,MS,10,2024-08-20
876,Patrick Yang,SALES,USA,FEMALE,138000,MSIS,10,2025-09-19
877,Michael Miles,HARDWARE,USA,FEMALE,84000,BA,9,2024-05-31
878,Troy Mills,HARDWARE,USA,FEMALE,97000,BA,5,2023-01-30
879,Michelle Jackson,HARDWARE,USA,MALE,142000,MS,10,2025-07-03
880,Richard Adams,MARKETING,USA,MALE,123000,BS,3,2025-09-20
881,Patricia Johnson,SOFTWARE,USA,FEMALE,82000,BA,9,2023-06-22
882,Denise Brown,AI,USA,FEMALE,219000,PHD,10,2025-04-25
883,Laura Jones,SOFTWARE,USA,FEMALE,219000,MSIS,4,2023-12-09
884,Ian Porter,SOFTWARE,CANADA,FEMALE,96000,BS,6,2023-08-26
885,Holly Scott,SOFTWARE,CHINA,FEMALE,105000,BA,8,2024-09-09
886,Kenneth Sharp,AI,USA,FEMALE,119000,BS,9,2025-03-09
887,Jordan Williams,SOFTWARE,CANADA,MALE,145000,BS,3,2024-08-14
888,Dana Ruiz,SOFTWARE,INDIA,FEMALE,248000,PHD,8,2025-12-21
889,Chris Velazquez,AI,USA,FEMALE,132000,MS,1,2025-06-03
890,Kristen Sloan,HARDWARE,CANADA,FEMALE,162000,MS,5,2024-06-30
891,Jennifer Morris,SOFTWARE,USA,FEMALE,218000,MSIS,5,2025-08-02
892,Nathan Nelson,SOFTWARE,USA,MALE,221000,MSIS,4,2025-11-30
893,Jake Shaw,AI,USA,MALE,130000,BS,3,2023-01-18
894,Cassie Brock,HARDWARE,GERMANY,MALE,187000,MSIS,1,2025-12-11
895,Dr. Andrea Marshall,SOFTWARE,USA,MALE,102000,BA,8,2024-08-03
896,Ryan Murphy,SALES,CANADA,MALE,93000,BS,1,2023-04-27
897,Aimee Gonzalez,SOFTWARE,USA,MALE,276000,PHD,4,2023-09-03
898,Elizabeth Dean,SOFTWARE,USA,FEMALE,88000,BA,10,2024-01-14
899,Kevin Snyder,HARDWARE,INDIA,FEMALE,167000,MSIS,3,2025-08-14
900,Christie Mccullough,AI,USA,FEMALE,201000,MS,2,2024-07-20
901,Danielle Smith,SOFTWARE,CHINA,MALE,167000,MSIS,6,2023-06-01
902,David Reed,AI,CHINA,FEMALE,138000,BS,1,2024-11-12
903,Sherry Tapia,SOFTWARE,USA,MALE,233000,PHD,5,2025-06-21
904,Matthew Sweeney,SOFTWARE,GERMANY,FEMALE,119000,BA,4,2024-01-01
905,Ashley Moreno,AI,CANADA,FEMALE,138000,MS,2,2024-03-23
906,Johnathan Brown,SOFTWARE,USA,FEMALE,176000,MS,2,2023-07-31
907,Michelle Davis DVM,HARDWARE,USA,FEMALE,116000,BA,2,2025-07-02
908,Kelly Haynes,SOFTWARE,USA,MALE,89000,BA,8,2023-03-19
909,William Miller,SOFTWARE,USA,FEMALE,139000,MS,5,2025-03-12
910,Casey Wilkins,HARDWARE,USA,FEMALE,182000,MS,9,2025-06-12
911,Keith Graham,HARDWARE,CANADA,MALE,118000,BS,2,2025-02-26
912,Cynthia Green,BUSINESS,USA,FEMALE,215000,PHD,8,2024-11-13
913,Robert Haynes,HARDWARE,INDIA,MALE,127000,MS,7,2025-01-18
914,Emily Nelson,HARDWARE,USA,FEMALE,130000,MS,6,2024-08-16
915,Dale Chan,HARDWARE,CANADA,MALE,190000,MS,3,2025-02-25
916,Brittney Martin,SALES,CANADA,MALE,169000,MS,5,2025-01-05
917,Jason Herrera,AI,USA,MALE,114000,BS,8,2023-03-15
918,Christine Parker,HARDWARE,USA,FEMALE,95000,BA,10,2025-03-07
919,Bryan Moore,AI,USA,FEMALE,121000,BA,9,2025-10-20
920,Samantha Terry,SOFTWARE,GERMANY,MALE,122000,MS,8,2024-11-25
921,Russell Murphy,SALES,CANADA,MALE,105000,BA,1,2024-03-09
922,David Kelly,SALES,CANADA,MALE,193000,MSIS,9,2024-04-22
923,Megan Green,SOFTWARE,USA,FEMALE,218000,PHD,1,2023-02-09
924,Amanda Sullivan MD,AI,CANADA,MALE,95000,BS,10,2023-09-25
925,Danielle Murray,SOFTWARE,USA,MALE,99000,BA,1,2025-07-23
926,Brenda Smith,SOFTWARE,GERMANY,MALE,128000,MS,10,2023-08-22
927,Vickie Anderson,HARDWARE,GERMANY,MALE,118000,BS,10,2024-02-20
928,Jacqueline Mccoy,HARDWARE,CANADA,MALE,131000,BS,7,2023-10-09
929,Lauren Green,SOFTWARE,USA,MALE,95000,BS,4,2024-11-18
930,Alison Brown,SOFTWARE,USA,FEMALE,89000,BA,5,2023-12-11
931,Jill Anderson,HARDWARE,USA,FEMALE,141000,MS,9,2024-05-13
932,Sandra Rivera,MARKETING,USA,MALE,217000,PHD,1,2025-02-09
933,Joel Jackson,SOFTWARE,CANADA,MALE,197000,MSIS,1,2023-01-14
934,Samantha Foster,SALES,USA,FEMALE,125000,BA,2,2025-05-02
935,Michael Thompson,SOFTWARE,CANADA,MALE,136000,MS,8,2023-10-21
936,Cody Ramirez,BUSINESS,USA,FEMALE,177000,MS,9,2024-05-04
937,Amanda Harvey,SOFTWARE,CHINA,MALE,204000,PHD,10,2025-10-20
938,Edward Jenkins,SOFTWARE,USA,FEMALE,200000,MS,2,2024-12-13
939,Amy Ramirez,SOFTWARE,CANADA,MALE,120000,BS,9,2023-08-29
940,Curtis Wilkerson,SALES,USA,FEMALE,279000,PHD,2,2025-11-05
941,Lydia Pham,HARDWARE,USA,MALE,125000,BS,4,2024-02-01
942,Virginia Casey,AI,USA,FEMALE,123000,BA,3,2025-10-15
943,Joshua Washington,SOFTWARE,USA,FEMALE,83000,BA,1,2024-08-06
944,Kathryn Price,SOFTWARE,USA,FEMALE,132000,BS,5,2023-03-30
945,Francis Robinson,HARDWARE,USA,MALE,114000,BA,1,2023-11-20
946,Paula Brown,SOFTWARE,USA,MALE,200000,MSIS,8,2023-05-26
947,Kendra Wang DVM,SALES,CANADA,FEMALE,210000,MSIS,8,2025-05-08
948,Ariel Sandoval,SOFTWARE,USA,MALE,94000,BA,6,2024-10-29
949,Robert Stark,SALES,INDIA,MALE,142000,BS,4,2025-02-08
950,Zachary Robinson,HARDWARE,USA,FEMALE,195000,MSIS,2,2023-04-22
951,Rebecca Kelly,MARKETING,USA,FEMALE,162000,MSIS,3,2023-12-31
952,Sarah Thompson,HARDWARE,USA,MALE,148000,BS,3,2025-01-04
953,Renee Wolfe,AI,INDIA,MALE,242000,PHD,4,2023-03-07
954,Alyssa Haynes,AI,CHINA,MALE,155000,MS,1,2023-08-16
955,Kristy Hart,HARDWARE,USA,MALE,188000,MSIS,8,2024-12-04
956,William Keith,MARKETING,GERMANY,MALE,110000,BS,5,2024-04-15
957,Eric Henry Jr.,HARDWARE,CANADA,MALE,111000,BA,9,2025-08-27
958,Daniel Fox,SOFTWARE,CANADA,FEMALE,136000,MSIS,5,2024-05-20
959,Thomas Harris,AI,USA,MALE,118000,BS,7,2023-01-11
960,Mitchell Sellers,HARDWARE,GERMANY,FEMALE,95000,BS,1,2025-10-29
961,Erica Johnson,HARDWARE,USA,FEMALE,105000,BA,9,2023-07-20
962,Sylvia Schroeder,SALES,USA,MALE,100000,BS,4,2025-04-12
963,Shannon Yu,HARDWARE,USA,FEMALE,245000,PHD,3,2024-05-04
964,Tom Foster,HARDWARE,USA,FEMALE,122000,MS,2,2024-09-16
965,Eric Taylor,AI,GERMANY,MALE,116000,BA,8,2025-07-20
966,Travis Conner,SOFTWARE,USA,MALE,141000,BS,3,2025-01-28
967,Marie Thompson,SOFTWARE,CHINA,MALE,200000,MS,1,2025-02-27
968,Melissa Mcfarland,AI,USA,MALE,202000,MSIS,6,2024-08-30
969,Courtney Chapman,SOFTWARE,CANADA,MALE,116000,BS,5,2024-11-18
970,Eric Barker,HARDWARE,USA,FEMALE,185000,MS,1,2023-04-16
971,Nicholas Rush,SOFTWARE,USA,MALE,109000,BA,6,2025-01-18
972,Jenna Gamble,SOFTWARE,USA,MALE,98000,BS,9,2023-10-11
973,Amanda Guzman,SOFTWARE,USA,MALE,269000,PHD,4,2025-09-06
974,Tracy Walker,AI,USA,MALE,146000,MS,10,2024-10-18
975,Taylor Taylor,SOFTWARE,INDIA,FEMALE,154000,BS,5,2024-07-21
976,Cynthia Haas,SALES,GERMANY,FEMALE,102000,BA,6,2025-09-22
977,Stephen Davis,SOFTWARE,CANADA,FEMALE,180000,MS,2,2025-07-14
978,Margaret Tanner,SOFTWARE,CANADA,FEMALE,144000,MS,2,2023-06-28
979,Derek Wright,AI,CANADA,MALE,98000,BA,3,2023-08-12
980,David Rodriguez,AI,GERMANY,MALE,124000,BA,2,2025-10-13
981,James Oconnor,SALES,GERMANY,MALE,113000,BA,4,2024-08-23
982,Stacey Snyder,SALES,USA,FEMALE,106000,BS,9,2024-12-11
983,Joshua Garcia,SALES,CHINA,MALE,127000,BS,1,2023-05-09
984,Sean Curtis,SOFTWARE,USA,FEMALE,113000,BA,4,2025-04-23
985,Carla Jones,SOFTWARE,CANADA,FEMALE,182000,MS,6,2025-07-26
986,Elizabeth Flores,SALES,USA,MALE,129000,BS,3,2024-06-16
987,Angela Jackson,SOFTWARE,USA,MALE,126000,BS,6,2023-10-31
988,Nicholas Payne,HARDWARE,GERMANY,MALE,111000,BS,8,2024-08-07
989,Anna Wheeler,HARDWARE,CANADA,MALE,125000,BA,3,2023-11-27
990,Karen Johnson,SOFTWARE,USA,MALE,130000,BS,1,2025-06-21
991,Carmen Preston,BUSINESS,CANADA,MALE,116000,BS,3,2024-10-11
992,Brian Harris,HARDWARE,USA,FEMALE,247000,PHD,3,2023-11-29
993,Michael Bowen,BUSINESS,USA,FEMALE,123000,MS,2,2025-10-19
994,Deborah Campbell,AI,USA,MALE,175000,MSIS,8,2023-01-09
995,Anthony Armstrong,AI,USA,FEMALE,264000,PHD,9,2024-08-28
996,Brittany Ward,AI,USA,FEMALE,108000,BS,5,2024-11-24
997,Edward Stanley,HARDWARE,CANADA,MALE,125000,MS,8,2023-08-28
998,Christina Johnson,SALES,CANADA,FEMALE,118000,BS,7,2025-01-01
999,Edgar Miller,BUSINESS,USA,MALE,118000,BA,1,2025-12-14
1000,Elizabeth Sanders,SOFTWARE,USA,MALE,115000,BS,5,2023-06-21
