emp_id,emp_name,dept_id,country,gender,salary,degree,performance,hire_date
1,Dana Young,HARDWARE,CANADA,FEMALE,198000,MSIS,1,2023-06-09
2,Morgan Nelson,SOFTWARE,INDIA,FEMALE,119000,BS,5,2022-09-07
3,Li Suzuki,HARDWARE,USA,FEMALE,178000,MSIS,2,2022-08-16
4,Dakota Smith,HARDWARE,CANADA,MALE,174000,MSIS,3,2023-08-20
5,Finley Martinez,SALES,CANADA,FEMALE,128000,BS,2,2024-12-08
6,Jamie Williams,SOFTWARE,USA,MALE,185000,MS,7,2024-02-04
7,Cameron Garcia,SALES,CANADA,FEMALE,217000,PHD,2,2023-11-12
8,Felix Chen,HARDWARE,USA,FEMALE,192000,MSIS,3,2024-08-09
9,Kendall Nguyen,SOFTWARE,USA,MALE,190000,PHD,8,2022-03-17
10,Zhang Kumar,SOFTWARE,USA,MALE,269000,PHD,6,2023-09-28
11,Robin Miller,AI,USA,FEMALE,152000,BS,4,2023-08-09
12,Yuki Schmidt,HARDWARE,USA,FEMALE,156000,BS,7,2024-03-30
13,Chen Campbell,SOFTWARE,USA,FEMALE,162000,MS,8,2024-01-23
14,Wang Roberts,SOFTWARE,USA,MALE,139000,MSIS,10,2023-01-05
15,Harley Gupta,SOFTWARE,GERMANY,FEMALE,122000,BS,5,2023-09-20
16,Vikram Müller,SOFTWARE,USA,MALE,158000,MSIS,1,2023-12-24
17,Ingrid Patel,HARDWARE,USA,FEMALE,190000,MSIS,1,2022-06-03
18,Quinn Schmidt,SALES,USA,FEMALE,209000,MS,3,2022-03-05
19,Sage Jones,SOFTWARE,USA,MALE,115000,BS,6,2024-01-12
20,Hana Wilson,MARKETING,GERMANY,MALE,201000,MSIS,6,2024-06-28
21,Avery Brown,SOFTWARE,USA,MALE,179000,MS,5,2023-05-27
22,Jamie Rivera,HARDWARE,CANADA,MALE,179000,MS,9,2022-08-30
23,Avery Thompson,SOFTWARE,GERMANY,FEMALE,142000,BS,8,2023-02-14
24,Lena Turner,SOFTWARE,USA,MALE,221000,MS,8,2022-06-29
25,Blake Wright,SOFTWARE,USA,FEMALE,173000,MSIS,5,2023-09-07
26,Reese Wang,SOFTWARE,CANADA,FEMALE,156000,MS,4,2022-10-12
27,Vikram Taylor,SOFTWARE,USA,MALE,194000,MS,8,2022-09-23
28,Rowan Singh,SOFTWARE,USA,MALE,230000,MS,8,2024-12-12
29,Shawn Yamamoto,SOFTWARE,GERMANY,MALE,121000,BS,2,2024-07-10
30,Lucas Martin,HARDWARE,USA,FEMALE,158000,BS,9,2023-01-08
31,Quinn Gomez,SOFTWARE,CANADA,FEMALE,219000,MS,2,2024-11-27
32,Chen Carter,HARDWARE,CHINA,MALE,165000,BS,4,2023-12-10
33,Cameron Gomez,HARDWARE,USA,MALE,144000,BS,9,2023-07-17
34,Blake Cruz,SOFTWARE,INDIA,MALE,160000,MS,10,2022-11-12
35,Klaus Hill,HARDWARE,GERMANY,MALE,187000,PHD,1,2023-06-27
36,Klaus Gomez,SOFTWARE,USA,FEMALE,135000,MSIS,9,2023-08-17
37,Shawn Wilson,SOFTWARE,CANADA,FEMALE,156000,BS,7,2023-09-02
38,Chris Moore,SOFTWARE,USA,MALE,128000,BS,8,2023-02-22
39,Cameron Sanchez,SALES,USA,FEMALE,215000,PHD,6,2024-03-27
40,Reese Moore,SOFTWARE,USA,MALE,185000,MS,5,2024-07-09
41,Reese Allen,SALES,USA,MALE,137000,BA,10,2024-05-06
42,Li Tanaka,AI,USA,FEMALE,253000,PHD,4,2022-11-23
43,Emery Li,HARDWARE,USA,FEMALE,172000,MS,1,2022-07-04
44,Morgan Carter,AI,INDIA,FEMALE,205000,PHD,6,2022-04-10
45,Wang Johnson,SOFTWARE,USA,FEMALE,194000,MSIS,8,2023-08-09
46,Finley Garcia,HARDWARE,GERMANY,MALE,220000,MS,6,2024-04-05
47,Casey Rogers,AI,GERMANY,FEMALE,114000,BA,6,2023-08-15
48,Cameron Thomas,AI,CANADA,FEMALE,211000,PHD,10,2022-09-01
49,Hana Moore,SOFTWARE,USA,FEMALE,229000,MS,9,2024-01-19
50,Taylor Thompson,BUSINESS,CANADA,MALE,162000,MSIS,1,2022-04-03
51,Cameron Diaz,SOFTWARE,USA,FEMALE,234000,PHD,3,2024-11-21
52,Zhang Tanaka,HARDWARE,USA,FEMALE,169000,BS,5,2023-11-20
53,Chris White,SALES,USA,FEMALE,155000,MSIS,1,2024-01-25
54,Jamie Adams,AI,GERMANY,FEMALE,190000,MSIS,1,2024-08-29
55,Quinn Baker,SOFTWARE,USA,MALE,145000,MSIS,10,2024-02-18
56,Harley Turner,SOFTWARE,USA,MALE,183000,MSIS,4,2022-02-08
57,Lucas Liu,SOFTWARE,CHINA,FEMALE,148000,BS,7,2024-10-24
58,Ingrid Chen,HARDWARE,USA,MALE,170000,MSIS,9,2023-10-28
59,Wang Collins,AI,CANADA,FEMALE,161000,MS,9,2023-12-03
60,Priya Gomez,SOFTWARE,USA,FEMALE,147000,MSIS,4,2023-07-26
61,Felix Zhang,SOFTWARE,USA,MALE,278000,PHD,5,2023-03-01
62,Avery Watanabe,AI,USA,FEMALE,193000,MS,5,2023-08-13
63,Kendall Garcia,SOFTWARE,GERMANY,FEMALE,222000,PHD,6,2022-10-27
64,Yuki Chen,SOFTWARE,USA,FEMALE,192000,PHD,8,2023-06-10
65,Cameron Jackson,SOFTWARE,USA,MALE,137000,BS,9,2023-07-11
66,Hans Adams,HARDWARE,USA,MALE,146000,BS,9,2023-04-08
67,Lena Thompson,MARKETING,USA,MALE,122000,BS,8,2022-07-25
68,Klaus Liu,SALES,USA,MALE,278000,PHD,3,2024-04-13
69,Kendall Davis,AI,USA,FEMALE,187000,MSIS,5,2023-10-20
70,Rowan Wright,SALES,USA,MALE,150000,MSIS,1,2022-12-25
71,Yuki Roberts,SALES,USA,MALE,222000,PHD,8,2023-01-17
72,Kendall Wagner,AI,CANADA,MALE,114000,BA,2,2023-11-18
73,Sydney Torres,SOFTWARE,INDIA,FEMALE,197000,PHD,9,2024-08-16
74,Alex Cruz,AI,USA,MALE,207000,MS,5,2023-01-17
75,Dakota Tanaka,SOFTWARE,GERMANY,FEMALE,188000,MSIS,3,2024-04-10
76,Wei Diaz,HARDWARE,GERMANY,FEMALE,146000,BS,3,2022-10-15
77,Chris Gomez,SOFTWARE,GERMANY,MALE,103000,BA,8,2023-07-01
78,Ingrid Harris,HARDWARE,USA,MALE,124000,BS,4,2022-05-08
79,Felix Harris,SALES,USA,FEMALE,180000,MS,9,2023-09-29
80,Quinn Wagner,HARDWARE,CANADA,FEMALE,165000,MS,3,2024-09-06
81,Hana Baker,HARDWARE,USA,FEMALE,192000,MS,8,2023-03-24
82,Arjun White,SOFTWARE,USA,MALE,190000,MS,6,2022-06-09
83,Blake Diaz,AI,USA,MALE,271000,PHD,4,2022-11-03
84,Riley Tanaka,HARDWARE,USA,FEMALE,113000,BS,10,2024-09-28
85,Shawn Davis,AI,USA,FEMALE,228000,PHD,9,2024-04-30
86,Jamie Smith,HARDWARE,CANADA,FEMALE,155000,MSIS,1,2024-03-21
87,Wang Davis,HARDWARE,USA,MALE,136000,MSIS,6,2022-05-11
88,Skyler Thompson,AI,USA,MALE,229000,PHD,5,2024-04-17
89,Sage Anderson,SOFTWARE,USA,FEMALE,221000,MS,8,2024-02-13
90,Chen Martin,SALES,USA,MALE,158000,MSIS,3,2024-03-15
91,Lena Watanabe,SOFTWARE,USA,MALE,257000,PHD,5,2024-08-06
92,Robin Young,AI,USA,FEMALE,192000,MSIS,4,2024-08-01
93,Ingrid Sharma,SOFTWARE,USA,FEMALE,161000,BS,2,2022-03-07
94,Harley Miller,SOFTWARE,USA,MALE,103000,BS,10,2022-03-10
95,Hana Davis,SALES,USA,MALE,223000,PHD,4,2023-03-21
96,Arjun Diaz,HARDWARE,USA,MALE,170000,MS,10,2023-10-16
97,Rowan Gomez,SOFTWARE,CANADA,MALE,158000,MS,9,2023-03-29
98,Priya Wang,SOFTWARE,USA,FEMALE,137000,BA,3,2024-05-24
99,Sam Sharma,AI,GERMANY,MALE,274000,PHD,7,2024-12-10
100,Reese Green,HARDWARE,GERMANY,FEMALE,125000,BS,9,2024-08-27
101,Priya Singh,SOFTWARE,CHINA,FEMALE,198000,PHD,8,2022-04-29
102,Dana Parker,AI,CANADA,FEMALE,143000,MSIS,4,2023-06-07
103,Morgan Campbell,HARDWARE,USA,MALE,265000,PHD,2,2023-01-26
104,Hana Flores,HARDWARE,USA,FEMALE,176000,MSIS,2,2023-01-21
105,Dana Torres,SOFTWARE,USA,FEMALE,163000,BS,5,2022-02-01
106,Emery Nelson,HARDWARE,USA,MALE,256000,PHD,4,2023-02-23
107,Parker Rivera,HARDWARE,USA,FEMALE,221000,PHD,9,2024-01-06
108,Hana Turner,SOFTWARE,GERMANY,FEMALE,188000,MS,2,2024-08-19
109,Yuki Moore,AI,CHINA,MALE,181000,MS,10,2023-03-30
110,Kendall Young,SOFTWARE,USA,MALE,165000,BS,10,2024-05-05
111,Priya Cruz,HARDWARE,USA,MALE,178000,MS,4,2024-10-19
112,Blake Collins,AI,CANADA,FEMALE,231000,PHD,8,2024-08-01
113,Chen Jones,SOFTWARE,CANADA,MALE,137000,BS,3,2022-05-01
114,Cameron Adams,SALES,USA,MALE,248000,PHD,1,2024-04-24
115,Finley Davis,SOFTWARE,USA,MALE,134000,MSIS,9,2024-07-22
116,Alex Williams,HARDWARE,USA,FEMALE,134000,MSIS,9,2024-04-22
117,Skyler Jackson,MARKETING,USA,FEMALE,154000,MSIS,9,2024-05-31
118,Jamie Collins,SOFTWARE,USA,MALE,166000,MS,10,2024-12-14
119,Arjun Baker,AI,USA,FEMALE,192000,PHD,7,2024-07-29
120,Riley Patel,BUSINESS,USA,MALE,216000,MS,2,2022-03-06
121,Riley Wang,SOFTWARE,USA,FEMALE,186000,MS,1,2022-12-17
122,Taylor Adams,SOFTWARE,USA,FEMALE,157000,MSIS,2,2024-12-17
123,Sydney Garcia,SOFTWARE,INDIA,MALE,250000,PHD,10,2024-08-31
124,Skyler Turner,AI,USA,MALE,153000,MSIS,9,2022-03-09
125,Parker Allen,SOFTWARE,USA,MALE,240000,PHD,7,2022-06-07
126,Sage Thompson,MARKETING,CANADA,MALE,194000,MSIS,9,2023-11-11
127,Dakota Adams,HARDWARE,GERMANY,MALE,228000,MS,1,2022-07-20
128,Lucas Diaz,SOFTWARE,USA,MALE,211000,MS,10,2024-03-23
129,Logan Collins,HARDWARE,USA,MALE,189000,MSIS,8,2024-10-01
130,Lucas Roberts,SOFTWARE,USA,FEMALE,203000,MS,7,2022-06-25
131,Fatima Young,HARDWARE,CANADA,MALE,139000,MSIS,3,2024-02-18
132,Harley Stewart,HARDWARE,INDIA,FEMALE,155000,MS,1,2023-09-24
133,Priya Tanaka,HARDWARE,USA,FEMALE,104000,BS,7,2024-07-08
134,Ananya Diaz,SOFTWARE,CANADA,FEMALE,104000,BS,9,2022-07-10
135,Arjun Yamamoto,SOFTWARE,USA,FEMALE,105000,BA,2,2023-05-13
136,Sydney Wang,HARDWARE,USA,MALE,145000,MSIS,5,2023-09-09
137,Wei Wilson,AI,USA,MALE,106000,BA,7,2023-09-06
138,Shawn Jackson,SALES,USA,FEMALE,116000,BS,8,2023-02-05
139,Chris Schmidt,SOFTWARE,USA,MALE,226000,MS,6,2024-02-18
140,Parker Diaz,HARDWARE,CANADA,FEMALE,215000,MS,10,2022-10-06
141,Kendall Zhang,HARDWARE,USA,MALE,161000,MS,7,2023-10-16
142,Avery Nguyen,HARDWARE,USA,MALE,170000,MS,7,2024-01-18
143,Harley Roberts,HARDWARE,USA,MALE,173000,MSIS,8,2023-03-06
144,Reese Hall,MARKETING,USA,MALE,260000,PHD,7,2024-10-19
145,Ananya Chen,SOFTWARE,INDIA,MALE,190000,MSIS,2,2024-07-08
146,Finley Suzuki,SOFTWARE,CANADA,FEMALE,199000,MSIS,7,2022-03-17
147,Klaus Garcia,SOFTWARE,USA,MALE,116000,BS,6,2022-12-07
148,Alex Thomas,SOFTWARE,USA,FEMALE,216000,PHD,7,2022-08-05
149,Harley Sanchez,MARKETING,USA,FEMALE,152000,BS,9,2023-03-29
150,Robin Brown,SOFTWARE,USA,FEMALE,203000,MS,9,2022-11-05
151,Omar Moore,SOFTWARE,GERMANY,FEMALE,128000,BS,2,2022-08-26
152,Wei Edwards,HARDWARE,USA,FEMALE,184000,MS,4,2024-12-03
153,Casey Gomez,SOFTWARE,USA,FEMALE,150000,BS,8,2023-10-16
154,Lena King,SOFTWARE,USA,MALE,195000,PHD,6,2022-08-12
155,Shawn Adams,SOFTWARE,USA,MALE,192000,MS,6,2024-05-23
156,Jordan Nguyen,SOFTWARE,USA,FEMALE,146000,MSIS,7,2024-03-21
157,Sydney Martinez,AI,CANADA,FEMALE,161000,MSIS,4,2023-02-26
158,Peyton Wagner,AI,USA,MALE,236000,PHD,6,2023-10-30
159,Ananya Rogers,SOFTWARE,USA,MALE,160000,BS,9,2023-10-04
160,Lena Gomez,SOFTWARE,GERMANY,FEMALE,158000,MSIS,8,2022-12-20
161,Avery Scott,SOFTWARE,CHINA,MALE,156000,MSIS,4,2023-09-18
162,Arjun Rogers,AI,USA,FEMALE,170000,MSIS,7,2022-10-10
163,Li Carter,SOFTWARE,CANADA,FEMALE,144000,BS,3,2022-12-08
164,Robin Johnson,SOFTWARE,USA,MALE,159000,BS,10,2022-04-20
165,Klaus Wang,HARDWARE,USA,FEMALE,157000,BS,9,2024-11-01
166,Blake Anderson,SOFTWARE,GERMANY,FEMALE,163000,MSIS,8,2024-09-27
167,Logan Suzuki,SOFTWARE,CANADA,MALE,205000,PHD,1,2023-07-17
168,Avery White,HARDWARE,USA,FEMALE,131000,BS,8,2024-11-12
169,Hana Schmidt,SOFTWARE,USA,FEMALE,263000,PHD,6,2022-03-27
170,Taylor Weber,SALES,CANADA,MALE,194000,PHD,4,2023-09-02
171,Lucas Nelson,HARDWARE,CANADA,FEMALE,215000,MS,8,2022-08-29
172,Blake Thompson,SOFTWARE,CANADA,MALE,240000,PHD,6,2024-05-26
173,Wang Mitchell,SOFTWARE,USA,MALE,261000,PHD,10,2023-12-20
174,Zhang Thomas,AI,CHINA,MALE,205000,MS,5,2023-07-02
175,Klaus Martin,SOFTWARE,GERMANY,MALE,259000,PHD,1,2023-07-22
176,Li Moore,HARDWARE,CANADA,MALE,149000,BS,4,2024-03-15
177,Emery Tanaka,SOFTWARE,USA,FEMALE,160000,MSIS,2,2022-07-10
178,Sam Smith,BUSINESS,USA,FEMALE,196000,MSIS,8,2024-09-26
179,Wang Kumar,SOFTWARE,CANADA,MALE,228000,PHD,6,2022-05-10
180,Sam Carter,HARDWARE,USA,MALE,263000,PHD,8,2023-07-04
181,Lena Miller,MARKETING,USA,FEMALE,142000,MSIS,8,2023-12-05
182,Avery Allen,MARKETING,CANADA,MALE,154000,BS,8,2022-02-03
183,Felix Martin,BUSINESS,INDIA,FEMALE,229000,MS,7,2023-02-19
184,Klaus Stewart,SALES,USA,FEMALE,165000,BS,5,2022-07-11
185,Emery Evans,MARKETING,USA,FEMALE,146000,BS,3,2022-04-17
186,Dana Chen,SOFTWARE,CANADA,MALE,154000,MS,2,2022-01-03
187,Avery Gupta,HARDWARE,INDIA,MALE,114000,BS,8,2022-01-20
188,Drew Turner,HARDWARE,USA,MALE,165000,MS,2,2022-07-29
189,Casey Sato,HARDWARE,USA,FEMALE,197000,PHD,3,2022-10-20
190,Hans Young,SOFTWARE,USA,MALE,145000,MSIS,6,2023-03-13
191,Drew Thompson,AI,USA,FEMALE,165000,MSIS,4,2022-06-27
192,Cameron Baker,SALES,USA,MALE,161000,MSIS,7,2023-10-07
193,Lucas Brown,MARKETING,CANADA,FEMALE,151000,MSIS,10,2023-08-07
194,Kendall Miller,SOFTWARE,USA,FEMALE,142000,BS,4,2024-03-13
195,Chen Johnson,SOFTWARE,CANADA,MALE,155000,MS,8,2022-05-26
196,Finley Watanabe,SOFTWARE,GERMANY,FEMALE,197000,PHD,10,2024-05-11
197,Aarav Martinez,SOFTWARE,USA,MALE,276000,PHD,2,2022-02-04
198,Zhang Carter,SALES,USA,MALE,101000,BS,1,2024-03-26
199,Sydney Anderson,AI,USA,FEMALE,180000,MS,9,2022-11-09
200,Emery Martinez,SOFTWARE,CANADA,FEMALE,135000,BA,3,2023-11-01
201,Reese Taylor,HARDWARE,INDIA,FEMALE,186000,MSIS,4,2022-04-29
202,Ingrid Wright,AI,USA,FEMALE,142000,BS,1,2023-09-26
203,Li Edwards,BUSINESS,GERMANY,MALE,88000,BA,1,2022-12-02
204,Chris Gupta,SOFTWARE,USA,FEMALE,107000,BS,5,2022-08-30
205,Li Wagner,HARDWARE,CANADA,FEMALE,168000,MS,10,2022-06-07
206,Blake Hall,BUSINESS,USA,FEMALE,132000,BA,3,2024-01-24
207,Yuki Tanaka,HARDWARE,GERMANY,MALE,249000,PHD,2,2023-04-13
208,Wei Stewart,SALES,GERMANY,MALE,132000,BA,4,2022-04-05
209,Logan Diaz,HARDWARE,CANADA,FEMALE,201000,PHD,1,2024-05-08
210,Arjun Sanchez,MARKETING,USA,MALE,207000,MS,5,2022-06-09
211,Chen Garcia,HARDWARE,USA,MALE,222000,MS,3,2023-04-03
212,Sam Taylor,SOFTWARE,GERMANY,FEMALE,108000,BA,5,2023-09-29
213,Yuki Baker,HARDWARE,CANADA,FEMALE,92000,BA,10,2023-09-15
214,Quinn Smith,AI,USA,FEMALE,228000,MS,4,2023-05-18
215,Alex Morris,SOFTWARE,USA,FEMALE,112000,BA,1,2023-11-18
216,Li Davis,HARDWARE,GERMANY,FEMALE,136000,BS,4,2024-05-09
217,Rowan Sanchez,SOFTWARE,GERMANY,MALE,140000,MSIS,4,2024-11-30
218,Cameron Kumar,SOFTWARE,CANADA,FEMALE,192000,PHD,2,2024-11-01
219,Kendall Rivera,HARDWARE,CANADA,MALE,137000,MSIS,3,2023-04-30
220,Harley Campbell,SOFTWARE,USA,FEMALE,222000,PHD,6,2023-10-14
221,Quinn Jackson,BUSINESS,CANADA,MALE,92000,BA,10,2022-08-12
222,Lucas Hill,SOFTWARE,USA,MALE,172000,MS,2,2024-01-04
223,Blake Gomez,BUSINESS,USA,FEMALE,168000,MS,2,2022-07-05
224,Fatima Baker,SALES,USA,MALE,160000,BS,3,2022-07-06
225,Skyler Brown,HARDWARE,CANADA,FEMALE,150000,MS,5,2023-06-17
226,Drew Becker,BUSINESS,USA,FEMALE,237000,PHD,9,2023-05-27
227,Lucas Green,SOFTWARE,USA,MALE,197000,PHD,1,2022-05-07
228,Casey Williams,SALES,CANADA,MALE,127000,BS,2,2023-06-15
229,Chris Harris,HARDWARE,CHINA,MALE,145000,BS,3,2022-07-08
230,Omar Kumar,SOFTWARE,CANADA,MALE,189000,PHD,10,2024-06-06
231,Dana Scott,SALES,CANADA,FEMALE,121000,BA,3,2023-12-26
232,Klaus Roberts,HARDWARE,USA,FEMALE,162000,BS,1,2023-05-19
233,Sydney Rogers,SOFTWARE,USA,FEMALE,192000,MS,1,2022-06-29
234,Hans Watanabe,SOFTWARE,USA,MALE,200000,MS,9,2023-05-26
235,Wang Zhang,SOFTWARE,USA,MALE,259000,PHD,6,2024-09-09
236,Sam Green,AI,USA,FEMALE,232000,PHD,7,2023-07-08
237,Chen Collins,HARDWARE,CANADA,MALE,259000,PHD,1,2024-08-24
238,Hana Green,SOFTWARE,GERMANY,MALE,194000,PHD,4,2023-06-30
239,Reese Turner,SOFTWARE,USA,FEMALE,216000,MS,3,2022-12-27
240,Arjun Torres,SALES,USA,FEMALE,187000,PHD,6,2022-10-19
241,Morgan Adams,SOFTWARE,USA,FEMALE,146000,MSIS,1,2022-07-04
242,Cameron Cruz,HARDWARE,USA,MALE,109000,BA,6,2023-02-17
243,Jordan Moore,SOFTWARE,USA,MALE,265000,PHD,6,2022-05-02
244,Finley Kumar,SOFTWARE,USA,MALE,265000,PHD,6,2022-05-29
245,Hans Zhang,BUSINESS,USA,MALE,173000,MS,3,2024-06-13
246,Logan Wright,AI,USA,FEMALE,168000,BS,10,2024-01-01
247,Omar Smith,SALES,INDIA,FEMALE,204000,MS,3,2022-12-30
248,Vikram Green,SOFTWARE,CANADA,FEMALE,258000,PHD,10,2022-03-08
249,Robin Turner,SALES,CANADA,MALE,198000,PHD,2,2023-05-03
250,Alex Rivera,AI,GERMANY,MALE,202000,MSIS,6,2024-07-03
251,Morgan Rogers,SALES,USA,MALE,103000,BS,5,2022-08-10
252,Sage Edwards,SOFTWARE,USA,FEMALE,277000,PHD,7,2024-10-06
253,Blake Weber,MARKETING,CANADA,FEMALE,133000,BS,10,2023-04-07
254,Jamie Jackson,MARKETING,USA,MALE,187000,PHD,1,2023-10-15
255,Priya Taylor,AI,USA,MALE,221000,MS,3,2022-06-03
256,Dakota King,SOFTWARE,GERMANY,FEMALE,177000,MSIS,8,2022-03-05
257,Rowan Watanabe,AI,USA,FEMALE,105000,BS,4,2023-01-25
258,Emery Zhang,SOFTWARE,CANADA,FEMALE,154000,MSIS,2,2022-04-12
259,Peyton Thomas,HARDWARE,CANADA,MALE,80000,BA,2,2023-08-27
260,Avery Evans,AI,GERMANY,MALE,144000,BS,2,2024-08-27
261,Klaus Watanabe,HARDWARE,USA,FEMALE,221000,MS,5,2022-07-06
262,Harley Garcia,SOFTWARE,USA,FEMALE,162000,BS,6,2023-01-18
263,Quinn Thomas,HARDWARE,INDIA,FEMALE,168000,MS,5,2022-05-07
264,Priya Davis,SOFTWARE,USA,MALE,191000,MSIS,7,2023-04-11
265,Arjun Nelson,SOFTWARE,CANADA,FEMALE,224000,PHD,9,2024-08-30
266,Arjun Moore,HARDWARE,USA,FEMALE,179000,MS,1,2024-10-25
267,Peyton Martin,AI,CANADA,MALE,227000,PHD,3,2023-03-10
268,Hans Moore,SOFTWARE,CANADA,MALE,229000,MS,7,2023-02-18
269,Sage Kumar,HARDWARE,USA,FEMALE,207000,MS,2,2022-06-28
270,Rowan White,SOFTWARE,CANADA,FEMALE,234000,PHD,1,2024-12-06
271,Drew Thomas,AI,USA,FEMALE,139000,BS,10,2022-07-25
272,Sage Zhang,AI,CHINA,FEMALE,268000,PHD,7,2023-06-25
273,Taylor Kumar,SALES,USA,FEMALE,97000,BA,3,2024-04-02
274,Finley Williams,SOFTWARE,GERMANY,FEMALE,137000,MSIS,8,2023-07-05
275,Felix Thomas,AI,USA,FEMALE,213000,PHD,5,2024-10-03
276,Sydney Sharma,SALES,USA,MALE,168000,BS,8,2023-10-20
277,Hana Yamamoto,SOFTWARE,USA,MALE,113000,BS,7,2024-09-19
278,Parker Li,AI,USA,FEMALE,233000,PHD,3,2022-05-15
279,Skyler Torres,AI,USA,FEMALE,159000,BS,10,2022-03-01
280,Finley Nguyen,SOFTWARE,CANADA,MALE,208000,PHD,8,2022-04-14
281,Lena Brown,MARKETING,CANADA,FEMALE,185000,MS,7,2022-09-11
282,Aarav Edwards,SOFTWARE,USA,MALE,196000,MS,3,2024-08-29
283,Jordan Rogers,MARKETING,GERMANY,FEMALE,162000,BS,2,2023-08-07
284,Klaus Green,SOFTWARE,CANADA,MALE,139000,BS,4,2023-03-30
285,Wei Martin,AI,CANADA,MALE,127000,BS,1,2022-01-19
286,Fatima Mitchell,HARDWARE,USA,MALE,134000,MSIS,5,2023-09-18
287,Dana Becker,AI,GERMANY,FEMALE,266000,PHD,8,2023-06-01
288,Alex Tanaka,SOFTWARE,USA,FEMALE,192000,MSIS,7,2022-07-29
289,Lena Jackson,HARDWARE,INDIA,FEMALE,176000,MSIS,5,2023-09-04
290,Jamie Gomez,HARDWARE,INDIA,FEMALE,139000,BA,6,2023-07-22
291,Ingrid Turner,SOFTWARE,USA,MALE,153000,BS,1,2024-04-07
292,Rowan Patel,AI,CHINA,MALE,180000,MSIS,5,2023-06-16
293,Chris Green,SOFTWARE,USA,FEMALE,240000,PHD,10,2023-01-24
294,Blake Scott,SOFTWARE,USA,FEMALE,248000,PHD,9,2023-09-07
295,Lena Parker,SOFTWARE,USA,FEMALE,107000,BS,5,2023-01-10
296,Chris Sanchez,HARDWARE,USA,MALE,114000,BS,5,2024-05-11
297,Morgan Wilson,SALES,INDIA,FEMALE,166000,MSIS,2,2024-08-21
298,Parker Singh,AI,USA,FEMALE,232000,PHD,7,2024-12-21
299,Rowan Wagner,SOFTWARE,USA,MALE,198000,PHD,4,2023-12-03
300,Chris Wright,SOFTWARE,USA,MALE,206000,MS,2,2024-09-25
301,Hana King,SALES,USA,FEMALE,133000,MSIS,5,2023-03-05
302,Hans Gupta,SOFTWARE,CANADA,MALE,210000,MS,2,2022-09-23
303,Wang Nguyen,SOFTWARE,USA,FEMALE,186000,MS,1,2022-03-19
304,Jordan Smith,AI,USA,FEMALE,270000,PHD,9,2023-01-26
305,Drew Rogers,SOFTWARE,USA,MALE,161000,BS,5,2022-09-22
306,Ananya Sato,HARDWARE,USA,FEMALE,157000,BS,5,2023-08-19
307,Li Collins,SOFTWARE,INDIA,FEMALE,204000,MS,3,2023-12-03
308,Logan Green,SOFTWARE,USA,MALE,163000,BS,7,2022-02-09
309,Avery Stewart,SOFTWARE,USA,MALE,100000,BS,9,2022-12-13
310,Ananya Miller,SALES,GERMANY,MALE,200000,MS,9,2022-04-10
311,Harley Morris,SOFTWARE,USA,MALE,134000,MSIS,2,2024-05-03
312,Felix Johnson,SOFTWARE,USA,MALE,167000,MSIS,3,2023-02-25
313,Vikram Thompson,SOFTWARE,CHINA,FEMALE,154000,MS,9,2023-07-07
314,Kendall White,SOFTWARE,INDIA,FEMALE,194000,PHD,10,2022-08-30
315,Peyton Collins,SALES,USA,MALE,197000,MS,5,2024-12-07
316,Chris Nelson,HARDWARE,CHINA,FEMALE,149000,MS,8,2023-03-02
317,Quinn Taylor,SOFTWARE,USA,MALE,85000,BA,2,2024-10-08
318,Shawn Roberts,HARDWARE,USA,MALE,140000,MSIS,5,2023-04-19
319,Kendall Stewart,BUSINESS,USA,FEMALE,154000,MS,3,2022-03-22
320,Cameron King,SOFTWARE,USA,FEMALE,156000,MS,1,2022-01-20
321,Omar Taylor,SOFTWARE,USA,FEMALE,183000,MS,10,2023-07-04
322,Shawn Campbell,HARDWARE,USA,FEMALE,202000,PHD,7,2024-03-30
323,Avery Martin,HARDWARE,USA,FEMALE,167000,MSIS,7,2022-12-08
324,Aarav Chen,BUSINESS,USA,MALE,265000,PHD,2,2024-05-02
325,Lena Martin,SOFTWARE,USA,FEMALE,125000,BS,6,2022-03-01
326,Taylor Martinez,MARKETING,USA,FEMALE,195000,PHD,7,2024-06-21
327,Ingrid Cruz,SOFTWARE,CANADA,FEMALE,134000,MSIS,9,2023-04-04
328,Ingrid Rogers,SOFTWARE,USA,MALE,207000,MS,8,2023-12-10
329,Alex Allen,HARDWARE,USA,MALE,238000,PHD,10,2022-04-22
330,Sam Nelson,MARKETING,USA,FEMALE,267000,PHD,2,2024-10-03
331,Riley Wagner,BUSINESS,CANADA,FEMALE,189000,PHD,4,2024-02-15
332,Sam Harris,BUSINESS,GERMANY,FEMALE,227000,PHD,8,2024-07-04
333,Taylor Smith,HARDWARE,USA,FEMALE,186000,PHD,7,2024-04-24
334,Priya Hill,SOFTWARE,USA,MALE,276000,PHD,5,2024-11-07
335,Shawn Parker,HARDWARE,CANADA,FEMALE,219000,PHD,1,2023-04-02
336,Drew Green,HARDWARE,USA,FEMALE,159000,MSIS,8,2022-08-22
337,Finley Jackson,SOFTWARE,USA,MALE,216000,MS,5,2024-12-05
338,Jamie Nguyen,SOFTWARE,USA,MALE,231000,PHD,7,2022-08-08
339,Peyton Cruz,AI,USA,MALE,159000,BS,4,2024-07-25
340,Lucas Weber,MARKETING,USA,MALE,188000,PHD,10,2022-09-10
341,Alex Sato,SOFTWARE,CANADA,FEMALE,202000,MSIS,3,2024-10-18
342,Zhang Wright,AI,CANADA,MALE,164000,MSIS,10,2024-09-16
343,Zhang Rogers,MARKETING,INDIA,MALE,196000,PHD,7,2023-10-22
344,Emery Cruz,AI,USA,FEMALE,272000,PHD,4,2023-07-15
345,Parker Turner,SOFTWARE,GERMANY,FEMALE,157000,MS,7,2024-11-15
346,Fatima Wright,SOFTWARE,CHINA,MALE,143000,BS,5,2023-12-09
347,Aarav Sharma,SOFTWARE,USA,FEMALE,188000,MSIS,9,2024-09-10
348,Drew Brown,SALES,GERMANY,FEMALE,225000,PHD,1,2024-12-06
349,Hana Allen,SOFTWARE,USA,FEMALE,146000,BS,4,2023-07-01
350,Dana Watanabe,HARDWARE,CANADA,FEMALE,144000,MSIS,1,2023-08-28
351,Yuki Rogers,HARDWARE,INDIA,MALE,184000,MS,10,2023-04-05
352,Sage Rogers,SOFTWARE,USA,MALE,213000,MS,5,2022-04-07
353,Alex Hall,SOFTWARE,USA,FEMALE,278000,PHD,6,2022-04-21
354,Hans Sanchez,AI,GERMANY,MALE,189000,MSIS,8,2023-04-07
355,Skyler Wilson,AI,CANADA,MALE,277000,PHD,5,2024-07-08
356,Taylor Gupta,SALES,INDIA,MALE,255000,PHD,2,2024-02-12
357,Alex Parker,HARDWARE,USA,FEMALE,142000,MSIS,10,2023-06-07
358,Lucas Gomez,HARDWARE,USA,FEMALE,144000,MSIS,3,2023-10-23
359,Chen Green,SALES,CANADA,FEMALE,237000,PHD,2,2023-10-13
360,Wang Suzuki,SOFTWARE,USA,MALE,212000,MS,3,2024-05-01
361,Chris Stewart,HARDWARE,USA,FEMALE,114000,BS,4,2023-11-11
362,Priya Johnson,SOFTWARE,CANADA,FEMALE,152000,BS,9,2024-08-30
363,Taylor Diaz,SOFTWARE,GERMANY,MALE,165000,MSIS,10,2023-05-15
364,Wang Carter,BUSINESS,CANADA,FEMALE,275000,PHD,7,2023-06-10
365,Zhang Weber,SOFTWARE,INDIA,MALE,263000,PHD,6,2024-11-19
366,Zhang Anderson,HARDWARE,USA,FEMALE,134000,BA,4,2023-10-19
367,Alex Martinez,HARDWARE,USA,MALE,167000,BS,9,2024-12-28
368,Dana Suzuki,SOFTWARE,USA,MALE,189000,MSIS,7,2022-08-01
369,Taylor Taylor,HARDWARE,GERMANY,FEMALE,201000,MSIS,3,2022-02-18
370,Arjun Adams,SOFTWARE,USA,MALE,128000,BA,9,2022-05-25
371,Sam Williams,AI,USA,FEMALE,184000,MS,7,2024-06-05
372,Hana Garcia,HARDWARE,USA,FEMALE,172000,MSIS,10,2022-05-10
373,Ananya Taylor,AI,USA,MALE,188000,MS,5,2023-09-10
374,Wei Allen,HARDWARE,CANADA,FEMALE,226000,PHD,7,2022-03-05
375,Parker Sanchez,SALES,GERMANY,MALE,126000,BS,9,2023-08-28
376,Alex Kumar,HARDWARE,CHINA,MALE,173000,MSIS,2,2022-03-27
377,Rowan Tanaka,HARDWARE,USA,MALE,209000,MS,6,2023-03-10
378,Ingrid Miller,BUSINESS,USA,MALE,114000,BS,5,2023-02-02
379,Drew Nguyen,SALES,CANADA,FEMALE,138000,MSIS,2,2023-05-29
380,Kendall Martinez,HARDWARE,USA,FEMALE,218000,PHD,4,2022-07-24
381,Felix Young,HARDWARE,CANADA,MALE,184000,MS,10,2023-09-19
382,Sam Baker,BUSINESS,USA,FEMALE,276000,PHD,3,2022-01-10
383,Cameron Parker,BUSINESS,USA,MALE,179000,MSIS,5,2024-01-07
384,Priya Jackson,SOFTWARE,CANADA,FEMALE,176000,MS,5,2024-09-24
385,Jamie Wilson,HARDWARE,CHINA,MALE,139000,MSIS,5,2022-10-14
386,Lucas Flores,BUSINESS,USA,MALE,266000,PHD,1,2024-04-09
387,Klaus Young,SOFTWARE,CANADA,MALE,172000,MSIS,9,2024-08-24
388,Cameron Becker,SALES,USA,FEMALE,221000,MS,10,2023-08-19
389,Hana Tanaka,AI,USA,MALE,188000,MS,4,2022-12-06
390,Robin Garcia,MARKETING,USA,MALE,161000,MS,10,2022-10-27
391,Logan Garcia,MARKETING,USA,MALE,206000,PHD,5,2024-01-27
392,Shawn Garcia,HARDWARE,GERMANY,MALE,212000,MS,7,2024-08-19
393,Yuki Rivera,AI,USA,MALE,215000,PHD,9,2023-07-15
394,Chen Hall,BUSINESS,USA,MALE,178000,MS,10,2022-06-09
395,Robin Zhang,SALES,USA,FEMALE,205000,PHD,7,2023-12-24
396,Blake Adams,SOFTWARE,USA,FEMALE,185000,PHD,3,2024-06-19
397,Blake Stewart,SALES,CANADA,MALE,170000,MS,3,2023-01-18
398,Wei Chen,SOFTWARE,USA,MALE,163000,MSIS,6,2022-08-21
399,Reese Garcia,SOFTWARE,CANADA,FEMALE,110000,BS,7,2022-02-15
400,Morgan King,HARDWARE,USA,MALE,145000,MSIS,9,2022-03-22
401,Omar Carter,HARDWARE,USA,FEMALE,234000,PHD,7,2022-02-08
402,Blake Green,MARKETING,USA,MALE,142000,BS,8,2024-09-13
403,Jamie King,SOFTWARE,USA,FEMALE,190000,MSIS,3,2024-11-12
404,Chen Li,AI,CANADA,FEMALE,241000,PHD,2,2023-04-16
405,Vikram Jones,HARDWARE,CANADA,FEMALE,242000,PHD,3,2024-09-01
406,Lucas Müller,AI,USA,MALE,145000,BS,10,2022-01-03
407,Logan Chen,MARKETING,CHINA,FEMALE,150000,MS,9,2024-05-28
408,Dakota Thompson,SOFTWARE,USA,FEMALE,214000,MS,10,2022-07-20
409,Ananya Watanabe,HARDWARE,USA,FEMALE,166000,MS,2,2023-08-04
410,Avery Yamamoto,SOFTWARE,CANADA,FEMALE,98000,BS,1,2024-12-06
411,Quinn Gupta,SOFTWARE,USA,MALE,163000,MS,6,2024-04-17
412,Vikram Mitchell,BUSINESS,CHINA,FEMALE,137000,BS,10,2024-01-19
413,Skyler Sanchez,HARDWARE,USA,FEMALE,224000,PHD,9,2024-09-15
414,Yuki Thompson,AI,USA,FEMALE,120000,BS,6,2024-03-26
415,Dana Tanaka,SOFTWARE,USA,MALE,227000,PHD,3,2022-07-25
416,Blake Rogers,AI,USA,FEMALE,261000,PHD,10,2022-04-17
417,Riley Martinez,AI,USA,MALE,263000,PHD,8,2024-06-10
418,Emery Yamamoto,AI,USA,FEMALE,104000,BS,1,2024-02-27
419,Harley Johnson,SOFTWARE,CANADA,FEMALE,176000,MSIS,3,2024-10-09
420,Peyton Jones,HARDWARE,USA,MALE,273000,PHD,9,2023-08-09
421,Klaus Smith,HARDWARE,USA,MALE,182000,MSIS,6,2023-05-05
422,Ingrid Kumar,SOFTWARE,CANADA,MALE,118000,BS,7,2023-12-25
423,Priya Carter,HARDWARE,CANADA,FEMALE,170000,MSIS,2,2022-07-04
424,Shawn Patel,SOFTWARE,USA,FEMALE,215000,MS,4,2023-02-03
425,Zhang Roberts,HARDWARE,USA,MALE,127000,BS,2,2022-05-29
426,Felix Schmidt,SOFTWARE,USA,FEMALE,261000,PHD,5,2023-05-28
427,Lena Wagner,SOFTWARE,USA,FEMALE,188000,MSIS,6,2024-07-28
428,Lena Adams,SOFTWARE,CANADA,MALE,168000,MS,7,2023-03-28
429,Felix Rivera,SOFTWARE,USA,FEMALE,176000,MS,9,2022-01-20
430,Priya Wright,SOFTWARE,GERMANY,MALE,180000,MS,6,2022-06-05
431,Li Nguyen,SOFTWARE,USA,FEMALE,164000,MS,10,2023-07-06
432,Peyton Baker,AI,USA,MALE,268000,PHD,4,2023-04-15
433,Vikram Smith,HARDWARE,CANADA,FEMALE,106000,BS,2,2024-10-05
434,Arjun Mitchell,SOFTWARE,USA,MALE,220000,PHD,6,2024-10-05
435,Emery Green,SOFTWARE,USA,FEMALE,153000,BS,9,2023-07-28
436,Zhang Edwards,SOFTWARE,GERMANY,MALE,128000,BA,8,2022-03-08
437,Felix Yamamoto,AI,GERMANY,FEMALE,258000,PHD,8,2022-09-04
438,Aarav Thomas,AI,USA,FEMALE,147000,MS,4,2024-02-17
439,Reese Campbell,HARDWARE,USA,FEMALE,218000,MS,3,2023-06-23
440,Dakota Hill,SALES,INDIA,FEMALE,217000,PHD,3,2024-10-18
441,Harley Scott,SOFTWARE,CHINA,FEMALE,160000,MSIS,7,2023-07-27
442,Reese Müller,MARKETING,USA,MALE,250000,PHD,2,2023-07-07
443,Alex Wright,SOFTWARE,USA,FEMALE,156000,BS,3,2024-08-26
444,Omar Turner,SOFTWARE,CANADA,FEMALE,230000,MS,9,2024-12-29
445,Emery Thomas,SOFTWARE,USA,FEMALE,193000,MS,10,2022-04-08
446,Harley Parker,SOFTWARE,GERMANY,MALE,129000,BA,8,2022-07-17
447,Jordan Singh,HARDWARE,CANADA,FEMALE,193000,MS,5,2023-12-06
448,Arjun Suzuki,HARDWARE,USA,MALE,203000,MS,10,2023-02-12
449,Li Weber,AI,CHINA,MALE,211000,PHD,6,2024-11-11
450,Hans Cruz,SOFTWARE,USA,MALE,170000,MS,3,2022-12-10
451,Logan Turner,MARKETING,USA,FEMALE,174000,MSIS,2,2022-06-12
452,Sydney Schmidt,SOFTWARE,USA,FEMALE,184000,MSIS,10,2024-03-20
453,Jordan Martin,HARDWARE,INDIA,FEMALE,234000,PHD,8,2024-04-27
454,Blake Kumar,SOFTWARE,CHINA,MALE,201000,MSIS,2,2023-03-08
455,Jordan Kumar,SOFTWARE,USA,MALE,165000,BS,8,2022-04-21
456,Parker Adams,AI,CANADA,MALE,143000,BS,2,2024-03-09
457,Chen King,SOFTWARE,GERMANY,MALE,227000,PHD,3,2022-09-26
458,Shawn Watanabe,AI,CANADA,MALE,101000,BA,6,2024-09-02
459,Aarav Wagner,HARDWARE,USA,FEMALE,143000,MSIS,9,2022-12-29
460,Wei Watanabe,HARDWARE,USA,FEMALE,200000,MS,5,2023-12-13
461,Jamie Young,SOFTWARE,CANADA,MALE,226000,PHD,6,2024-04-24
462,Kendall Liu,SALES,GERMANY,FEMALE,111000,BA,3,2023-12-06
463,Alex Müller,SOFTWARE,USA,MALE,168000,MSIS,8,2023-09-06
464,Peyton Singh,SALES,CHINA,FEMALE,190000,MSIS,9,2024-02-05
465,Logan Rivera,AI,USA,FEMALE,160000,MS,7,2024-02-14
466,Kendall Suzuki,SOFTWARE,USA,MALE,166000,MS,10,2023-07-11
467,Hans Wagner,AI,GERMANY,FEMALE,218000,MS,3,2022-10-07
468,Jordan Young,SOFTWARE,USA,FEMALE,143000,BS,4,2023-10-19
469,Sydney Martin,AI,CANADA,MALE,186000,PHD,2,2023-08-01
470,Li Flores,MARKETING,USA,FEMALE,150000,MSIS,3,2022-01-31
471,Shawn Jones,HARDWARE,USA,FEMALE,212000,MS,8,2024-01-31
472,Sydney Kumar,AI,CANADA,FEMALE,152000,BS,3,2022-04-25
473,Alex Harris,SOFTWARE,CANADA,MALE,146000,MSIS,5,2024-02-21
474,Yuki Thomas,SOFTWARE,GERMANY,MALE,228000,MS,4,2022-03-10
475,Blake Garcia,AI,CHINA,MALE,203000,MS,5,2023-10-24
476,Morgan Flores,SOFTWARE,USA,MALE,144000,BS,4,2024-01-09
477,Sydney Harris,HARDWARE,CANADA,MALE,129000,BS,1,2022-12-09
478,Finley Taylor,HARDWARE,USA,FEMALE,185000,PHD,1,2024-08-31
479,Morgan Collins,HARDWARE,CANADA,MALE,105000,BS,10,2023-11-25
480,Priya Edwards,HARDWARE,USA,MALE,190000,MSIS,3,2024-09-26
481,Omar Thompson,AI,USA,FEMALE,186000,PHD,7,2024-01-04
482,Peyton Scott,SALES,USA,FEMALE,231000,PHD,8,2023-08-27
483,Quinn Weber,HARDWARE,USA,FEMALE,185000,MS,10,2022-11-25
484,Lucas Li,SOFTWARE,USA,FEMALE,236000,PHD,8,2022-01-02
485,Sam Martinez,SOFTWARE,CANADA,FEMALE,269000,PHD,10,2024-01-16
486,Vikram Carter,SALES,USA,FEMALE,147000,BS,9,2022-11-12
487,Ingrid Martinez,SOFTWARE,CHINA,FEMALE,173000,MS,2,2024-12-07
488,Drew Zhang,HARDWARE,USA,MALE,196000,PHD,1,2023-02-18
489,Morgan Stewart,HARDWARE,USA,MALE,139000,BS,7,2024-09-30
490,Riley Becker,SOFTWARE,CANADA,MALE,138000,MSIS,4,2024-10-03
491,Fatima Davis,SOFTWARE,CHINA,MALE,208000,MS,7,2024-01-26
492,Dana Yamamoto,SOFTWARE,USA,FEMALE,208000,MS,5,2022-06-09
493,Peyton Sato,AI,USA,MALE,115000,BS,7,2023-01-24
494,Yuki Jackson,MARKETING,GERMANY,MALE,201000,MSIS,9,2024-04-30
495,Priya Patel,AI,USA,FEMALE,184000,MSIS,7,2022-08-02
496,Priya Diaz,SOFTWARE,CANADA,FEMALE,171000,MSIS,10,2024-06-26
497,Arjun Watanabe,SOFTWARE,USA,FEMALE,199000,MS,6,2023-05-08
498,Harley Weber,SOFTWARE,USA,MALE,192000,MS,5,2024-01-08
499,Chen Thompson,SALES,CANADA,FEMALE,82000,BA,5,2022-02-03
500,Jordan Mitchell,SOFTWARE,INDIA,FEMALE,139000,BA,4,2023-10-07
501,Jamie Stewart,HARDWARE,CANADA,MALE,131000,BS,3,2022-10-11
502,Arjun Flores,SOFTWARE,USA,MALE,156000,BS,2,2024-03-29
503,Ananya Gomez,SOFTWARE,USA,MALE,190000,MSIS,3,2024-09-26
504,Lucas Parker,SALES,INDIA,MALE,239000,PHD,2,2022-04-25
505,Yuki Johnson,MARKETING,GERMANY,FEMALE,226000,PHD,2,2023-04-10
506,Sam Li,SALES,USA,FEMALE,111000,BA,6,2022-11-03
507,Hana Li,SOFTWARE,USA,MALE,147000,BS,7,2024-07-01
508,Riley Liu,BUSINESS,CHINA,MALE,119000,BS,7,2022-10-31
509,Dakota Martin,SOFTWARE,USA,MALE,152000,MSIS,7,2024-10-24
510,Priya Sato,SOFTWARE,USA,MALE,163000,MS,7,2023-02-06
511,Lena Taylor,HARDWARE,INDIA,MALE,117000,BS,7,2023-10-25
512,Sam Edwards,MARKETING,USA,MALE,163000,MSIS,6,2023-01-26
513,Vikram Moore,SOFTWARE,GERMANY,MALE,200000,PHD,6,2024-06-24
514,Quinn Anderson,SOFTWARE,USA,FEMALE,129000,BA,4,2024-02-05
515,Kendall Johnson,AI,CANADA,MALE,207000,PHD,10,2022-10-30
516,Jordan Parker,AI,USA,FEMALE,141000,MSIS,8,2024-08-22
517,Hana Rivera,SOFTWARE,CANADA,MALE,204000,PHD,9,2024-12-07
518,Aarav Sato,SALES,GERMANY,FEMALE,204000,MSIS,1,2024-02-11
519,Morgan Becker,SOFTWARE,USA,MALE,102000,BS,4,2023-07-10
520,Jordan Roberts,BUSINESS,GERMANY,MALE,120000,BA,6,2022-08-09
521,Riley Scott,HARDWARE,USA,FEMALE,125000,BS,2,2023-10-09
522,Reese Sato,HARDWARE,USA,MALE,184000,MS,1,2022-03-23
523,Robin Collins,HARDWARE,CHINA,FEMALE,179000,MS,3,2022-02-07
524,Morgan Hall,SOFTWARE,CANADA,FEMALE,150000,MSIS,9,2023-07-19
525,Logan Young,MARKETING,INDIA,FEMALE,262000,PHD,1,2023-07-28
526,Chen Adams,AI,USA,FEMALE,247000,PHD,2,2024-02-22
527,Harley Watanabe,HARDWARE,USA,FEMALE,109000,BS,5,2023-11-06
528,Cameron Evans,SOFTWARE,GERMANY,MALE,108000,BS,9,2023-02-19
529,Priya Suzuki,AI,USA,MALE,222000,MS,3,2022-11-20
530,Parker Schmidt,HARDWARE,GERMANY,MALE,158000,BS,3,2022-03-02
531,Jordan Campbell,HARDWARE,USA,FEMALE,112000,BS,3,2023-01-14
532,Riley Chen,SOFTWARE,GERMANY,MALE,150000,MSIS,1,2024-01-06
533,Wei Thompson,SOFTWARE,USA,MALE,197000,MS,6,2023-01-12
534,Rowan Green,SOFTWARE,CANADA,MALE,100000,BS,1,2023-07-07
535,Felix Diaz,BUSINESS,USA,MALE,190000,PHD,8,2024-09-30
536,Emery Suzuki,HARDWARE,USA,FEMALE,225000,PHD,1,2024-02-19
537,Chen Suzuki,SOFTWARE,USA,MALE,184000,MS,1,2023-05-19
538,Hana Miller,SOFTWARE,CANADA,FEMALE,188000,PHD,7,2024-11-23
539,Shawn King,SOFTWARE,USA,MALE,179000,MS,5,2023-08-09
540,Shawn Weber,HARDWARE,USA,FEMALE,223000,MS,9,2022-10-19
541,Emery Singh,MARKETING,GERMANY,MALE,141000,MSIS,10,2022-10-05
542,Shawn Taylor,SALES,GERMANY,FEMALE,161000,MS,10,2023-02-18
543,Riley White,BUSINESS,USA,FEMALE,200000,MS,3,2022-09-11
544,Vikram Allen,SOFTWARE,CHINA,FEMALE,139000,MSIS,7,2024-11-13
545,Arjun Young,AI,USA,FEMALE,136000,MSIS,3,2023-11-18
546,Parker Evans,SOFTWARE,CHINA,MALE,201000,PHD,1,2024-05-09
547,Alex Wagner,SALES,CHINA,FEMALE,161000,MS,3,2023-02-20
548,Reese Flores,AI,USA,FEMALE,236000,PHD,1,2024-10-07
549,Reese Mitchell,SOFTWARE,CANADA,FEMALE,183000,MS,10,2022-01-14
550,Quinn Jones,HARDWARE,INDIA,MALE,89000,BA,6,2022-03-17
551,Skyler Allen,SOFTWARE,CANADA,FEMALE,153000,MS,2,2024-05-03
552,Shawn Stewart,SOFTWARE,USA,FEMALE,183000,MSIS,10,2022-12-30
553,Casey Gupta,SOFTWARE,CANADA,MALE,120000,BS,6,2024-02-16
554,Chen Singh,HARDWARE,USA,MALE,157000,MS,5,2023-11-06
555,Dakota Turner,AI,CANADA,MALE,177000,MSIS,2,2024-12-19
556,Vikram Wang,BUSINESS,USA,FEMALE,230000,MS,6,2022-09-23
557,Fatima Roberts,MARKETING,USA,FEMALE,161000,MS,10,2023-04-22
558,Vikram Sharma,HARDWARE,USA,MALE,81000,BA,2,2023-03-01
559,Hans Nguyen,SALES,INDIA,FEMALE,101000,BA,4,2022-01-24
560,Lucas Smith,AI,USA,FEMALE,103000,BS,5,2024-11-03
561,Chris Cruz,SOFTWARE,CANADA,MALE,158000,MSIS,10,2022-03-01
562,Wang Parker,HARDWARE,INDIA,FEMALE,261000,PHD,3,2024-09-13
563,Jordan Hill,SALES,USA,FEMALE,224000,PHD,1,2024-12-03
564,Quinn Mitchell,HARDWARE,GERMANY,FEMALE,269000,PHD,6,2022-05-16
565,Skyler White,HARDWARE,CANADA,MALE,178000,MS,9,2022-12-06
566,Rowan Taylor,HARDWARE,USA,FEMALE,156000,MSIS,1,2023-07-11
567,Chen Gomez,SOFTWARE,GERMANY,FEMALE,220000,PHD,5,2023-03-19
568,Harley Li,AI,CANADA,MALE,155000,BS,4,2022-07-09
569,Chris Chen,SOFTWARE,USA,MALE,271000,PHD,3,2023-01-25
570,Dana Jones,AI,USA,FEMALE,198000,PHD,2,2024-11-23
571,Parker Garcia,AI,USA,FEMALE,219000,MS,2,2022-01-09
572,Lucas Evans,AI,INDIA,MALE,221000,MS,2,2024-12-02
573,Peyton Torres,HARDWARE,USA,MALE,155000,MSIS,4,2023-10-20
574,Sydney Young,HARDWARE,USA,FEMALE,121000,BS,8,2022-08-29
575,Drew Hill,BUSINESS,USA,MALE,99000,BS,10,2024-11-18
576,Blake Wilson,BUSINESS,GERMANY,FEMALE,153000,MSIS,5,2023-05-17
577,Cameron Brown,HARDWARE,CANADA,FEMALE,157000,MSIS,8,2022-04-14
578,Riley Gupta,BUSINESS,GERMANY,FEMALE,189000,PHD,7,2022-04-21
579,Vikram Collins,BUSINESS,USA,FEMALE,141000,BS,10,2024-07-02
580,Hana Becker,MARKETING,CHINA,FEMALE,163000,MS,9,2022-06-10
581,Shawn Evans,HARDWARE,USA,MALE,156000,BS,8,2022-07-19
582,Skyler Parker,SALES,USA,FEMALE,226000,MS,3,2023-06-13
583,Robin Chen,HARDWARE,USA,FEMALE,149000,MS,8,2022-08-20
584,Zhang Jackson,MARKETING,USA,FEMALE,211000,PHD,6,2022-09-18
585,Parker Suzuki,SOFTWARE,GERMANY,FEMALE,260000,PHD,6,2022-05-26
586,Priya Allen,SOFTWARE,CANADA,FEMALE,181000,MS,10,2023-05-15
587,Dakota Cruz,SOFTWARE,USA,FEMALE,175000,MS,10,2024-06-01
588,Avery Becker,AI,USA,MALE,146000,BS,10,2024-09-23
589,Ananya Jackson,SOFTWARE,USA,FEMALE,192000,MSIS,3,2023-09-23
590,Dana Thompson,HARDWARE,USA,FEMALE,200000,MS,1,2022-07-05
591,Kendall Rogers,SOFTWARE,USA,MALE,247000,PHD,8,2024-12-24
592,Arjun Gomez,SOFTWARE,USA,FEMALE,147000,BS,6,2023-09-06
593,Vikram Tanaka,SOFTWARE,USA,FEMALE,199000,MSIS,2,2022-01-17
594,Priya Miller,SOFTWARE,CANADA,FEMALE,266000,PHD,1,2024-01-27
595,Kendall Brown,SOFTWARE,USA,MALE,192000,MSIS,6,2022-08-13
596,Emery Morris,SOFTWARE,USA,MALE,196000,MS,6,2024-02-23
597,Peyton Rogers,SOFTWARE,CANADA,FEMALE,181000,MSIS,8,2022-10-12
598,Alex Wilson,SALES,USA,FEMALE,199000,PHD,3,2022-10-03
599,Riley Thompson,BUSINESS,USA,MALE,162000,BS,7,2022-10-06
600,Vikram Scott,SOFTWARE,INDIA,FEMALE,270000,PHD,10,2024-05-21
601,Robin Green,HARDWARE,USA,FEMALE,192000,MS,8,2024-02-27
602,Fatima Li,SALES,USA,MALE,147000,MS,8,2023-04-30
603,Taylor Chen,SALES,INDIA,FEMALE,192000,MS,6,2022-03-10
604,Omar Sato,HARDWARE,GERMANY,FEMALE,133000,BS,2,2022-10-18
605,Reese Liu,SOFTWARE,USA,FEMALE,153000,MS,10,2022-07-01
606,Vikram Miller,MARKETING,CANADA,MALE,172000,MSIS,10,2023-10-02
607,Wei Parker,BUSINESS,CANADA,FEMALE,134000,MSIS,8,2024-11-15
608,Blake Jones,HARDWARE,USA,FEMALE,228000,MS,5,2023-08-16
609,Aarav King,HARDWARE,USA,FEMALE,174000,MSIS,1,2024-08-27
610,Riley Martin,AI,USA,MALE,154000,MSIS,10,2022-02-25
611,Sydney Hall,SOFTWARE,USA,MALE,211000,PHD,3,2023-07-30
612,Ingrid Weber,AI,USA,MALE,242000,PHD,10,2022-11-06
613,Skyler Sato,AI,CHINA,FEMALE,209000,PHD,4,2024-09-20
614,Li Singh,HARDWARE,INDIA,MALE,153000,MS,3,2022-11-12
615,Arjun Edwards,SOFTWARE,CANADA,FEMALE,130000,BS,3,2023-03-08
616,Blake Becker,SOFTWARE,CANADA,MALE,187000,MSIS,2,2022-04-18
617,Wei Rivera,HARDWARE,USA,FEMALE,186000,MS,9,2023-04-24
618,Sage Turner,HARDWARE,USA,MALE,164000,MSIS,5,2024-07-08
619,Vikram Campbell,SALES,USA,MALE,136000,BS,6,2024-06-03
620,Shawn Nelson,SALES,GERMANY,FEMALE,156000,BS,5,2024-03-12
621,Lena Johnson,SOFTWARE,USA,MALE,203000,MS,3,2023-10-04
622,Jamie Torres,SOFTWARE,CANADA,MALE,86000,BA,2,2024-07-02
623,Ananya Harris,HARDWARE,USA,MALE,86000,BA,10,2023-03-21
624,Jamie Roberts,SOFTWARE,CHINA,MALE,142000,BS,7,2023-01-14
625,Lucas Gupta,BUSINESS,USA,FEMALE,138000,MSIS,8,2023-07-21
626,Chris Davis,SOFTWARE,USA,FEMALE,154000,BS,5,2022-05-08
627,Vikram Kumar,AI,CANADA,FEMALE,209000,PHD,8,2022-05-23
628,Dana Jackson,SOFTWARE,GERMANY,MALE,141000,MSIS,9,2024-06-02
629,Arjun Hall,SOFTWARE,USA,FEMALE,140000,MSIS,2,2022-05-25
630,Felix Parker,HARDWARE,CANADA,FEMALE,110000,BA,1,2022-03-19
631,Dakota Patel,AI,CANADA,FEMALE,170000,MSIS,8,2024-09-06
632,Robin Parker,SALES,GERMANY,MALE,133000,MSIS,8,2022-09-06
633,Wang Cruz,SOFTWARE,USA,FEMALE,199000,MS,2,2024-01-19
634,Skyler Garcia,HARDWARE,CANADA,MALE,257000,PHD,5,2023-02-20
635,Hans Collins,HARDWARE,USA,FEMALE,155000,MSIS,7,2022-08-07
636,Taylor Torres,HARDWARE,USA,FEMALE,144000,BS,4,2022-10-14
637,Casey Watanabe,SOFTWARE,USA,MALE,176000,MSIS,8,2024-03-07
638,Taylor Cruz,SOFTWARE,CHINA,FEMALE,227000,MS,8,2022-02-03
639,Shawn Suzuki,HARDWARE,USA,MALE,207000,MS,7,2022-08-31
640,Li Williams,SOFTWARE,USA,MALE,206000,PHD,2,2022-03-17
641,Hans Miller,SALES,CANADA,FEMALE,243000,PHD,4,2022-09-25
642,Drew White,MARKETING,CANADA,FEMALE,193000,PHD,10,2022-12-16
643,Yuki Patel,SOFTWARE,USA,FEMALE,177000,MSIS,2,2023-02-20
644,Sam Flores,SOFTWARE,USA,FEMALE,147000,BS,9,2022-10-09
645,Quinn Sharma,SOFTWARE,USA,MALE,157000,MSIS,2,2023-07-15
646,Aarav Garcia,HARDWARE,CANADA,MALE,173000,MSIS,8,2023-05-14
647,Lucas Allen,AI,USA,MALE,159000,BS,10,2024-02-10
648,Riley Carter,MARKETING,USA,MALE,192000,PHD,1,2023-01-03
649,Dana Moore,SOFTWARE,USA,FEMALE,190000,MSIS,8,2022-09-17
650,Ananya Scott,AI,CANADA,FEMALE,181000,MS,3,2022-03-19
651,Rowan Smith,SOFTWARE,USA,FEMALE,139000,MSIS,5,2023-12-14
652,Hana Watanabe,SOFTWARE,CANADA,MALE,169000,BS,2,2024-01-12
653,Morgan Torres,HARDWARE,USA,MALE,199000,MS,4,2023-07-21
654,Ingrid Garcia,AI,USA,MALE,250000,PHD,8,2024-10-15
655,Chris Wagner,SOFTWARE,USA,MALE,154000,MSIS,7,2023-05-30
656,Blake Brown,HARDWARE,USA,MALE,102000,BS,9,2022-12-27
657,Aarav Diaz,SOFTWARE,CANADA,FEMALE,152000,MS,4,2024-06-29
658,Lucas White,SALES,USA,FEMALE,147000,BS,6,2023-04-17
659,Sage Green,HARDWARE,USA,FEMALE,115000,BS,7,2023-02-14
660,Dana Wagner,AI,CANADA,MALE,187000,MS,7,2022-10-24
661,Sydney Nguyen,SOFTWARE,CANADA,MALE,157000,MS,4,2024-01-05
662,Cameron White,HARDWARE,CANADA,FEMALE,148000,BS,1,2023-07-29
663,Kendall Allen,AI,USA,FEMALE,160000,MS,6,2023-03-27
664,Rowan Yamamoto,SOFTWARE,USA,MALE,173000,MSIS,4,2022-06-27
665,Sydney Johnson,SOFTWARE,GERMANY,FEMALE,205000,PHD,8,2024-08-05
666,Aarav Green,HARDWARE,USA,FEMALE,208000,PHD,6,2024-06-08
667,Taylor Liu,AI,USA,MALE,270000,PHD,7,2022-04-01
668,Li Nelson,AI,USA,MALE,179000,MS,2,2024-07-15
669,Cameron Collins,HARDWARE,CANADA,MALE,134000,MSIS,7,2023-03-23
670,Ingrid Evans,SALES,CHINA,FEMALE,170000,BS,1,2024-09-09
671,Shawn Becker,SOFTWARE,USA,MALE,195000,MSIS,10,2022-02-19
672,Fatima Smith,SOFTWARE,CANADA,MALE,223000,PHD,6,2024-08-08
673,Kendall Gupta,SALES,CANADA,MALE,204000,MS,9,2022-03-08
674,Lena Anderson,HARDWARE,CANADA,FEMALE,177000,MSIS,10,2023-03-01
675,Avery Rogers,SOFTWARE,CANADA,FEMALE,189000,PHD,6,2022-04-16
676,Klaus Martinez,SOFTWARE,GERMANY,FEMALE,149000,MS,6,2022-12-25
677,Klaus Chen,SALES,USA,MALE,122000,BS,9,2022-08-21
678,Sydney Li,AI,USA,MALE,257000,PHD,6,2023-12-24
679,Li Li,HARDWARE,USA,FEMALE,103000,BS,6,2024-07-15
680,Lena Martinez,SOFTWARE,INDIA,MALE,191000,MS,9,2023-08-22
681,Skyler Carter,AI,USA,MALE,228000,PHD,2,2024-03-11
682,Quinn Hill,HARDWARE,USA,MALE,118000,BS,3,2024-10-13
683,Rowan Schmidt,BUSINESS,USA,MALE,227000,MS,9,2022-09-28
684,Klaus Parker,HARDWARE,USA,MALE,151000,MS,4,2024-11-30
685,Priya Schmidt,HARDWARE,USA,FEMALE,180000,MSIS,6,2024-09-22
686,Wei Sanchez,SOFTWARE,CANADA,FEMALE,157000,MS,5,2022-12-18
687,Fatima Suzuki,HARDWARE,GERMANY,FEMALE,189000,PHD,6,2023-08-06
688,Reese White,AI,INDIA,FEMALE,111000,BS,3,2022-11-27
689,Finley Scott,BUSINESS,USA,MALE,239000,PHD,8,2023-06-18
690,Quinn Sanchez,MARKETING,USA,MALE,135000,MSIS,6,2023-12-06
691,Jordan Patel,SOFTWARE,USA,FEMALE,145000,MSIS,5,2022-09-06
692,Alex Watanabe,SALES,USA,FEMALE,275000,PHD,6,2022-11-16
693,Arjun Schmidt,BUSINESS,CANADA,FEMALE,154000,MSIS,5,2022-10-29
694,Lena White,SOFTWARE,USA,FEMALE,186000,MSIS,1,2022-10-13
695,Robin Taylor,SOFTWARE,CANADA,FEMALE,117000,BA,4,2024-07-02
696,Logan Mitchell,SOFTWARE,USA,FEMALE,118000,BA,10,2024-12-14
697,Peyton Zhang,SALES,CHINA,MALE,112000,BA,8,2022-06-28
698,Emery Moore,SOFTWARE,USA,FEMALE,170000,MSIS,1,2024-01-10
699,Robin Evans,SOFTWARE,USA,FEMALE,177000,MS,5,2023-12-08
700,Harley Carter,HARDWARE,CANADA,FEMALE,192000,PHD,8,2024-05-01
701,Cameron Taylor,SOFTWARE,USA,MALE,277000,PHD,7,2024-04-28
702,Casey Morris,SOFTWARE,GERMANY,MALE,132000,BS,9,2023-11-18
703,Skyler Becker,SOFTWARE,USA,MALE,118000,BA,5,2024-04-28
704,Taylor Gomez,HARDWARE,USA,MALE,158000,BS,5,2024-10-01
705,Alex Young,SALES,USA,FEMALE,208000,MS,4,2022-02-24
706,Klaus Carter,AI,USA,FEMALE,200000,MS,8,2022-09-12
707,Avery Mitchell,SOFTWARE,USA,FEMALE,163000,BS,4,2022-02-28
708,Arjun Müller,SOFTWARE,USA,FEMALE,190000,PHD,6,2024-09-11
709,Zhang Williams,AI,USA,FEMALE,167000,MSIS,2,2024-02-04
710,Felix Thompson,SOFTWARE,USA,FEMALE,102000,BS,6,2024-08-02
711,Morgan Roberts,SOFTWARE,USA,FEMALE,118000,BS,7,2023-12-31
712,Lucas Scott,SOFTWARE,USA,FEMALE,225000,MS,9,2023-02-01
713,Sydney Stewart,BUSINESS,GERMANY,MALE,145000,MSIS,6,2023-10-10
714,Cameron Yamamoto,HARDWARE,USA,MALE,158000,MSIS,3,2022-01-27
715,Drew Flores,AI,GERMANY,FEMALE,187000,MS,6,2022-11-30
716,Wang White,HARDWARE,USA,MALE,216000,MS,9,2024-12-12
717,Parker Stewart,SOFTWARE,USA,FEMALE,152000,MS,3,2022-02-05
718,Hana Cruz,AI,CANADA,MALE,269000,PHD,10,2024-12-07
719,Cameron Moore,AI,CANADA,MALE,135000,MSIS,2,2023-04-01
720,Felix White,SOFTWARE,USA,MALE,164000,MS,2,2024-05-20
721,Peyton Jackson,SOFTWARE,USA,MALE,109000,BA,7,2022-03-29
722,Avery Hall,MARKETING,USA,MALE,233000,PHD,1,2024-08-18
723,Ananya Hill,HARDWARE,USA,MALE,120000,BA,2,2022-09-11
724,Yuki Mitchell,SALES,GERMANY,MALE,123000,BS,2,2022-10-26
725,Zhang Martinez,HARDWARE,CANADA,FEMALE,218000,MS,10,2023-05-11
726,Fatima Torres,SALES,CANADA,MALE,257000,PHD,9,2023-03-21
727,Dana Li,SOFTWARE,USA,FEMALE,152000,BS,1,2022-07-22
728,Skyler Collins,SOFTWARE,USA,FEMALE,196000,MS,8,2022-08-08
729,Cameron Wang,SALES,CANADA,FEMALE,189000,MS,7,2022-08-20
730,Sam Wang,SALES,USA,FEMALE,173000,MSIS,1,2022-06-18
731,Logan Singh,HARDWARE,USA,MALE,184000,MS,5,2024-06-28
732,Lena Sanchez,SOFTWARE,USA,FEMALE,225000,PHD,2,2024-09-01
733,Harley Yamamoto,AI,CANADA,MALE,120000,BA,2,2024-03-22
734,Yuki King,SOFTWARE,USA,MALE,126000,BS,10,2022-07-28
735,Avery Adams,SOFTWARE,USA,MALE,163000,MS,4,2024-04-07
736,Hana Patel,SALES,USA,FEMALE,153000,MSIS,10,2023-07-14
737,Zhang Mitchell,MARKETING,CHINA,FEMALE,197000,MS,7,2024-09-19
738,Li Adams,HARDWARE,USA,MALE,194000,PHD,5,2024-09-29
739,Skyler Morris,AI,CHINA,MALE,124000,BA,2,2024-10-17
740,Ingrid Yamamoto,AI,CANADA,FEMALE,143000,BS,2,2022-06-06
741,Zhang Rivera,BUSINESS,USA,FEMALE,203000,PHD,8,2024-10-01
742,Dakota Harris,SOFTWARE,CANADA,FEMALE,236000,PHD,1,2022-03-06
743,Taylor Jones,SOFTWARE,CANADA,FEMALE,218000,MS,8,2024-07-30
744,Li Müller,SOFTWARE,USA,MALE,195000,MSIS,5,2022-12-03
745,Ingrid Watanabe,HARDWARE,USA,MALE,179000,MS,2,2024-10-01
746,Emery Rivera,HARDWARE,USA,FEMALE,218000,MS,9,2022-04-25
747,Sam Davis,SOFTWARE,USA,FEMALE,160000,MSIS,6,2023-08-06
748,Yuki Brown,HARDWARE,USA,MALE,142000,MSIS,6,2023-12-16
749,Robin Davis,MARKETING,CANADA,FEMALE,182000,MS,6,2024-04-23
750,Felix Martinez,SOFTWARE,USA,MALE,145000,BS,10,2022-06-23
751,Taylor Wagner,AI,USA,FEMALE,110000,BS,9,2023-10-30
752,Felix Liu,SOFTWARE,CANADA,FEMALE,198000,MSIS,5,2022-02-11
753,Arjun Thomas,HARDWARE,USA,MALE,220000,PHD,7,2023-10-23
754,Zhang Cruz,HARDWARE,GERMANY,FEMALE,147000,BS,6,2024-10-14
755,Li Wilson,HARDWARE,USA,MALE,159000,MSIS,7,2023-02-18
756,Logan Taylor,SOFTWARE,CANADA,MALE,150000,MS,10,2024-04-03
757,Wei Gupta,SOFTWARE,USA,MALE,153000,MSIS,10,2024-12-23
758,Parker Müller,SOFTWARE,USA,MALE,152000,MS,5,2024-10-30
759,Shawn Scott,HARDWARE,USA,FEMALE,127000,BS,10,2024-11-21
760,Sydney Suzuki,AI,CANADA,MALE,170000,MSIS,3,2024-10-19
761,Peyton Stewart,SOFTWARE,USA,FEMALE,254000,PHD,1,2024-12-05
762,Rowan Turner,SOFTWARE,USA,FEMALE,109000,BS,5,2024-06-10
763,Klaus Allen,SOFTWARE,CHINA,MALE,194000,MSIS,5,2023-08-11
764,Quinn Torres,BUSINESS,GERMANY,FEMALE,150000,MSIS,4,2022-08-21
765,Priya Müller,BUSINESS,USA,MALE,158000,BS,8,2024-09-21
766,Jamie Mitchell,SOFTWARE,CHINA,FEMALE,136000,MSIS,3,2023-07-13
767,Morgan Anderson,SALES,CANADA,MALE,136000,MSIS,8,2022-02-10
768,Ingrid Taylor,SOFTWARE,USA,FEMALE,195000,MSIS,7,2024-01-15
769,Avery Li,SOFTWARE,USA,FEMALE,254000,PHD,3,2023-04-29
770,Li Taylor,SALES,GERMANY,MALE,216000,MS,9,2023-05-31
771,Aarav Rogers,HARDWARE,USA,MALE,189000,MSIS,6,2023-11-06
772,Dana Mitchell,HARDWARE,CANADA,MALE,205000,PHD,2,2022-12-25
773,Wang Sanchez,AI,USA,FEMALE,218000,MS,1,2024-10-01
774,Quinn Stewart,SALES,USA,MALE,182000,MS,4,2023-07-23
775,Yuki Miller,AI,USA,FEMALE,192000,MSIS,1,2022-03-13
776,Wang Nelson,MARKETING,INDIA,MALE,126000,BS,6,2022-09-07
777,Parker Taylor,SOFTWARE,GERMANY,FEMALE,222000,MS,7,2023-06-08
778,Hans Turner,HARDWARE,USA,MALE,218000,MS,3,2024-06-17
779,Wei Singh,SALES,USA,FEMALE,210000,PHD,2,2024-10-03
780,Robin Sharma,SOFTWARE,CANADA,FEMALE,196000,MSIS,2,2022-11-25
781,Hans Schmidt,MARKETING,USA,FEMALE,148000,MS,1,2023-01-12
782,Arjun Anderson,SOFTWARE,USA,MALE,92000,BA,5,2023-10-05
783,Sam Weber,SALES,USA,MALE,135000,BS,3,2024-04-20
784,Riley Sharma,SOFTWARE,USA,FEMALE,197000,PHD,3,2023-11-02
785,Jordan Williams,SOFTWARE,USA,FEMALE,161000,BS,10,2023-04-05
786,Felix King,AI,CHINA,MALE,278000,PHD,4,2023-06-21
787,Riley Sanchez,HARDWARE,GERMANY,MALE,182000,MS,5,2022-11-02
788,Lucas Wagner,SOFTWARE,USA,MALE,195000,PHD,9,2024-06-10
789,Kendall Wang,HARDWARE,USA,FEMALE,149000,BS,4,2023-06-30
790,Kendall Torres,HARDWARE,USA,FEMALE,160000,BS,10,2023-03-18
791,Jamie Nelson,HARDWARE,USA,FEMALE,155000,BS,1,2023-08-18
792,Alex Liu,HARDWARE,USA,FEMALE,219000,PHD,8,2022-06-25
793,Fatima Rogers,HARDWARE,INDIA,MALE,278000,PHD,7,2023-03-11
794,Morgan Parker,MARKETING,USA,FEMALE,209000,PHD,2,2022-05-01
795,Zhang Morris,SOFTWARE,CANADA,MALE,176000,MS,10,2022-04-04
796,Aarav Wright,BUSINESS,USA,FEMALE,248000,PHD,3,2022-03-26
797,Sam Sato,SOFTWARE,CHINA,FEMALE,133000,BS,6,2024-08-16
798,Li Mitchell,AI,USA,FEMALE,106000,BS,1,2022-09-19
799,Chen Turner,HARDWARE,CANADA,FEMALE,211000,PHD,5,2023-06-25
800,Quinn Miller,SOFTWARE,INDIA,FEMALE,214000,PHD,8,2022-11-06
801,Dakota White,HARDWARE,USA,MALE,132000,BS,3,2024-08-14
802,Shawn Wang,SOFTWARE,GERMANY,FEMALE,101000,BA,9,2024-09-20
803,Riley Hill,SOFTWARE,USA,MALE,267000,PHD,2,2023-12-17
804,Aarav Smith,SALES,USA,FEMALE,110000,BS,9,2023-07-13
805,Chris Brown,HARDWARE,USA,MALE,152000,MS,8,2022-07-13
806,Aarav Jackson,AI,GERMANY,FEMALE,182000,MSIS,7,2024-02-05
807,Hans Campbell,SOFTWARE,USA,FEMALE,104000,BS,8,2024-07-18
808,Sam Martin,HARDWARE,USA,MALE,150000,MS,10,2024-07-16
809,Priya Morris,HARDWARE,USA,MALE,261000,PHD,5,2023-10-24
810,Lucas Patel,HARDWARE,CANADA,MALE,161000,MS,7,2022-07-02
811,Parker Zhang,SOFTWARE,USA,FEMALE,202000,MSIS,3,2022-09-04
812,Robin Thomas,HARDWARE,CANADA,FEMALE,272000,PHD,10,2022-09-26
813,Sydney Gupta,HARDWARE,USA,FEMALE,187000,MS,7,2024-09-02
814,Dakota Gupta,HARDWARE,USA,MALE,262000,PHD,10,2023-01-17
815,Li Sato,HARDWARE,USA,MALE,101000,BA,8,2023-04-05
816,Quinn Martin,SOFTWARE,GERMANY,MALE,183000,MS,8,2023-09-08
817,Priya Wilson,BUSINESS,USA,FEMALE,234000,PHD,5,2022-04-08
818,Shawn Hall,SOFTWARE,USA,MALE,189000,MS,7,2022-07-13
819,Skyler Scott,HARDWARE,USA,FEMALE,104000,BS,9,2022-02-03
820,Hana Weber,SALES,USA,FEMALE,105000,BA,5,2023-10-05
821,Skyler Anderson,SOFTWARE,USA,FEMALE,223000,MS,3,2023-03-09
822,Avery Johnson,AI,USA,FEMALE,194000,PHD,9,2022-02-06
823,Felix Kumar,SOFTWARE,CANADA,MALE,166000,MSIS,7,2024-09-23
824,Jordan Torres,SOFTWARE,USA,FEMALE,108000,BS,4,2022-08-18
825,Hans Suzuki,HARDWARE,INDIA,MALE,145000,BS,4,2024-06-11
826,Dakota Williams,SOFTWARE,CANADA,MALE,153000,BS,3,2024-08-28
827,Wei Williams,SOFTWARE,GERMANY,MALE,109000,BS,8,2024-09-20
828,Alex Jackson,SALES,USA,FEMALE,147000,MSIS,10,2024-03-13
829,Taylor Zhang,SOFTWARE,INDIA,FEMALE,265000,PHD,10,2023-08-19
830,Logan Davis,HARDWARE,USA,FEMALE,196000,MS,10,2024-09-26
831,Klaus Sharma,SOFTWARE,USA,MALE,173000,MS,2,2023-07-03
832,Felix Müller,HARDWARE,USA,FEMALE,143000,BS,6,2024-07-07
833,Harley Adams,HARDWARE,INDIA,MALE,150000,BS,8,2023-12-06
834,Cameron Roberts,SOFTWARE,USA,MALE,182000,MSIS,10,2024-08-17
835,Blake Hill,AI,USA,FEMALE,264000,PHD,6,2024-08-25
836,Skyler Nguyen,BUSINESS,USA,FEMALE,139000,MSIS,8,2022-09-22
837,Parker Nelson,SALES,USA,MALE,140000,MSIS,7,2024-10-08
838,Robin Allen,HARDWARE,USA,MALE,205000,MSIS,6,2023-06-19
839,Chris Müller,SALES,USA,MALE,270000,PHD,1,2022-05-11
840,Jamie Cruz,SOFTWARE,USA,MALE,142000,MSIS,4,2024-09-23
841,Quinn Tanaka,SOFTWARE,CANADA,FEMALE,258000,PHD,9,2023-07-02
842,Hana White,BUSINESS,USA,MALE,200000,MSIS,8,2024-07-25
843,Blake Harris,HARDWARE,GERMANY,MALE,243000,PHD,2,2022-03-27
844,Li Thomas,HARDWARE,CANADA,MALE,199000,PHD,5,2024-06-23
845,Peyton Schmidt,SOFTWARE,CANADA,MALE,157000,MSIS,3,2022-09-09
846,Kendall Li,SOFTWARE,USA,FEMALE,185000,PHD,8,2023-12-01
847,Hans Baker,SOFTWARE,USA,MALE,125000,BS,7,2024-01-09
848,Dakota Singh,SOFTWARE,USA,MALE,235000,PHD,4,2022-10-10
849,Jordan Schmidt,HARDWARE,CANADA,FEMALE,275000,PHD,9,2024-01-11
850,Riley Cruz,AI,CHINA,MALE,253000,PHD,9,2022-05-23
851,Emery Jones,SOFTWARE,USA,FEMALE,211000,MS,7,2022-05-06
852,Sydney Sato,HARDWARE,USA,MALE,190000,PHD,9,2023-08-29
853,Felix Edwards,HARDWARE,USA,MALE,165000,MSIS,4,2024-06-24
854,Sage Martin,AI,USA,FEMALE,269000,PHD,2,2022-03-17
855,Chris Allen,HARDWARE,USA,FEMALE,135000,BS,5,2024-12-03
856,Reese Gomez,AI,USA,MALE,128000,BA,10,2023-06-14
857,Jamie Li,BUSINESS,GERMANY,FEMALE,195000,PHD,1,2024-02-03
858,Parker Smith,SOFTWARE,CHINA,FEMALE,152000,BS,2,2024-07-08
859,Ananya Adams,SOFTWARE,INDIA,FEMALE,166000,MS,10,2024-12-28
860,Fatima Morris,SOFTWARE,USA,FEMALE,202000,MS,10,2022-10-14
861,Shawn Thomas,SOFTWARE,CHINA,MALE,135000,BS,4,2024-01-10
862,Morgan Gupta,SOFTWARE,CANADA,MALE,193000,MSIS,2,2022-07-08
863,Lucas Kumar,AI,USA,MALE,183000,MS,6,2024-12-13
864,Omar Sharma,MARKETING,USA,FEMALE,179000,MSIS,8,2024-09-29
865,Fatima Tanaka,SOFTWARE,USA,MALE,107000,BS,8,2022-09-22
866,Priya Sanchez,SOFTWARE,USA,MALE,166000,MSIS,1,2022-11-18
867,Arjun Roberts,AI,USA,MALE,162000,MSIS,2,2024-01-27
868,Parker Roberts,SALES,USA,MALE,156000,MS,5,2024-02-06
869,Morgan Evans,AI,USA,FEMALE,89000,BA,10,2024-05-13
870,Avery Edwards,SOFTWARE,CANADA,FEMALE,157000,BS,8,2022-01-05
871,Arjun Weber,MARKETING,USA,MALE,224000,PHD,10,2023-09-27
872,Hana Thompson,HARDWARE,INDIA,FEMALE,230000,PHD,10,2022-09-29
873,Riley Singh,HARDWARE,USA,FEMALE,248000,PHD,3,2023-10-29
874,Ingrid Schmidt,HARDWARE,USA,FEMALE,126000,BS,9,2022-04-04
875,Priya Harris,AI,CANADA,FEMALE,195000,MSIS,1,2023-09-25
876,Peyton Liu,SALES,USA,MALE,143000,BS,10,2022-04-19
877,Sydney Hill,HARDWARE,USA,MALE,165000,BS,3,2022-02-08
878,Riley Suzuki,HARDWARE,USA,MALE,265000,PHD,10,2024-06-28
879,Dakota Scott,HARDWARE,USA,FEMALE,150000,MS,1,2023-11-28
880,Drew Watanabe,MARKETING,USA,FEMALE,112000,BA,7,2023-06-11
881,Morgan Diaz,SOFTWARE,USA,MALE,161000,MS,2,2022-11-12
882,Sam Moore,AI,USA,MALE,84000,BA,7,2022-07-22
883,Peyton Nelson,SOFTWARE,USA,FEMALE,209000,PHD,2,2022-04-17
884,Sydney Davis,SOFTWARE,CANADA,MALE,209000,MS,7,2022-08-24
885,Rowan Adams,SOFTWARE,CHINA,FEMALE,180000,MS,8,2022-03-01
886,Hana Martin,AI,USA,MALE,167000,BS,2,2023-05-20
887,Wang King,SOFTWARE,CANADA,FEMALE,165000,MSIS,9,2023-02-21
888,Klaus King,SOFTWARE,INDIA,MALE,164000,MSIS,9,2024-07-14
889,Lena Morris,AI,USA,MALE,135000,BA,5,2023-05-29
890,Taylor Allen,HARDWARE,CANADA,FEMALE,204000,PHD,9,2023-07-31
891,Omar Mitchell,SOFTWARE,USA,MALE,179000,MS,2,2022-10-14
892,Hans Rivera,SOFTWARE,USA,FEMALE,134000,BS,6,2023-12-03
893,Ananya Parker,AI,USA,FEMALE,146000,BS,6,2023-12-01
894,Alex Johnson,HARDWARE,GERMANY,MALE,197000,PHD,1,2024-09-02
895,Wang Anderson,SOFTWARE,USA,MALE,221000,MS,8,2024-03-15
896,Robin Morris,SALES,CANADA,MALE,197000,MSIS,8,2022-09-10
897,Shawn Sanchez,SOFTWARE,USA,FEMALE,216000,MS,1,2022-09-13
898,Lena Collins,SOFTWARE,USA,MALE,165000,MS,1,2023-07-30
899,Logan Wang,HARDWARE,INDIA,MALE,142000,BS,5,2023-03-29
900,Alex Nguyen,AI,USA,FEMALE,110000,BA,10,2023-03-05
901,Blake Torres,SOFTWARE,CHINA,FEMALE,118000,BS,9,2024-10-08
902,Chen Mitchell,AI,CHINA,MALE,88000,BA,2,2022-09-18
903,Alex Gupta,SOFTWARE,USA,MALE,186000,PHD,9,2023-06-02
904,Finley Yamamoto,SOFTWARE,GERMANY,MALE,215000,PHD,7,2023-07-16
905,Wang Weber,AI,CANADA,MALE,206000,PHD,5,2024-05-10
906,Yuki Green,SOFTWARE,USA,FEMALE,92000,BA,2,2022-02-21
907,Chris Evans,HARDWARE,USA,FEMALE,272000,PHD,4,2022-12-03
908,Jamie Baker,SOFTWARE,USA,MALE,140000,MSIS,8,2024-06-03
909,Chen Nelson,SOFTWARE,USA,MALE,227000,MS,1,2023-11-15
910,Aarav Harris,HARDWARE,USA,MALE,243000,PHD,2,2024-07-03
911,Cameron Davis,HARDWARE,CANADA,MALE,272000,PHD,7,2023-10-04
912,Drew Davis,BUSINESS,USA,FEMALE,117000,BA,7,2022-05-15
913,Logan Johnson,HARDWARE,INDIA,MALE,178000,MS,2,2024-04-21
914,Chris Torres,HARDWARE,USA,FEMALE,213000,MS,10,2022-07-27
915,Arjun Martin,HARDWARE,CANADA,MALE,141000,BS,2,2023-02-01
916,Skyler Baker,SALES,CANADA,FEMALE,186000,MS,10,2024-06-29
917,Zhang Collins,AI,USA,MALE,190000,PHD,5,2024-06-11
918,Wei Evans,HARDWARE,USA,FEMALE,172000,MSIS,3,2022-10-29
919,Zhang Miller,AI,USA,FEMALE,228000,MS,9,2022-10-24
920,Ingrid Liu,SOFTWARE,GERMANY,FEMALE,228000,MS,4,2022-05-21
921,Vikram Gomez,SALES,CANADA,FEMALE,157000,MSIS,10,2023-11-19
922,Logan Smith,SALES,CANADA,FEMALE,155000,MS,1,2024-10-12
923,Yuki Morris,SOFTWARE,USA,MALE,167000,MSIS,4,2023-05-05
924,Priya White,AI,CANADA,MALE,215000,MS,1,2024-01-14
925,Taylor Brown,SOFTWARE,USA,MALE,162000,MS,10,2024-01-08
926,Chris Baker,SOFTWARE,GERMANY,MALE,111000,BS,5,2022-12-23
927,Jordan Thompson,HARDWARE,GERMANY,MALE,111000,BS,5,2022-07-27
928,Parker Wagner,HARDWARE,CANADA,FEMALE,197000,MSIS,6,2023-03-07
929,Fatima Martinez,SOFTWARE,USA,MALE,177000,MS,3,2024-12-15
930,Wang Morris,SOFTWARE,USA,MALE,165000,BS,4,2023-01-28
931,Hana Torres,HARDWARE,USA,FEMALE,182000,MS,4,2022-04-05
932,Cameron Tanaka,MARKETING,USA,FEMALE,215000,PHD,1,2023-07-28
933,Blake Tanaka,SOFTWARE,CANADA,FEMALE,104000,BS,8,2022-05-13
934,Li Yamamoto,SALES,USA,FEMALE,246000,PHD,9,2024-02-06
935,Fatima Wang,SOFTWARE,CANADA,FEMALE,149000,BS,9,2024-09-16
936,Dana Green,BUSINESS,USA,FEMALE,127000,BS,10,2022-03-16
937,Dakota Morris,SOFTWARE,CHINA,MALE,166000,MS,4,2023-09-19
938,Cameron Anderson,SOFTWARE,USA,MALE,220000,PHD,9,2022-06-23
939,Shawn Tanaka,SOFTWARE,CANADA,FEMALE,176000,MS,10,2022-03-26
940,Li Turner,SALES,USA,FEMALE,185000,MS,7,2024-01-23
941,Klaus Wilson,HARDWARE,USA,FEMALE,161000,MS,4,2023-06-28
942,Sydney Adams,AI,USA,FEMALE,212000,PHD,9,2024-11-16
943,Chris Nguyen,SOFTWARE,USA,MALE,124000,BS,9,2023-02-15
944,Fatima Thompson,SOFTWARE,USA,FEMALE,152000,BS,5,2023-01-26
945,Emery Johnson,HARDWARE,USA,FEMALE,98000,BA,6,2024-04-07
946,Logan Adams,SOFTWARE,USA,FEMALE,204000,MSIS,3,2024-03-25
947,Omar Becker,SALES,CANADA,MALE,189000,MS,9,2024-08-17
948,Lucas Sharma,SOFTWARE,USA,FEMALE,214000,PHD,4,2024-05-28
949,Cameron Martin,SALES,INDIA,MALE,218000,MS,1,2024-02-07
950,Logan Sharma,HARDWARE,USA,FEMALE,185000,PHD,6,2023-11-27
951,Arjun Jones,MARKETING,USA,FEMALE,162000,MSIS,9,2023-09-06
952,Sage Hill,HARDWARE,USA,MALE,167000,BS,6,2024-03-11
953,Chris Weber,AI,INDIA,FEMALE,103000,BA,8,2022-08-11
954,Jordan Scott,AI,CHINA,FEMALE,106000,BS,9,2022-12-30
955,Logan Roberts,HARDWARE,USA,MALE,138000,BA,5,2023-02-26
956,Sam Singh,MARKETING,GERMANY,MALE,177000,MS,1,2022-12-18
957,Wei Martinez,HARDWARE,CANADA,FEMALE,106000,BS,9,2024-05-06
958,Fatima Liu,SOFTWARE,CANADA,FEMALE,267000,PHD,3,2023-02-26
959,Zhang Wagner,AI,USA,MALE,201000,MSIS,10,2023-02-20
960,Emery Baker,HARDWARE,GERMANY,FEMALE,169000,BS,8,2022-05-12
961,Arjun Garcia,HARDWARE,USA,FEMALE,268000,PHD,8,2024-08-05
962,Felix Gomez,SALES,USA,MALE,220000,MS,8,2023-12-12
963,Reese Wright,HARDWARE,USA,FEMALE,191000,MSIS,3,2024-04-30
964,Emery Garcia,HARDWARE,USA,FEMALE,223000,MS,3,2022-07-15
965,Felix Flores,AI,GERMANY,MALE,199000,PHD,9,2023-08-21
966,Casey Jackson,SOFTWARE,USA,FEMALE,210000,MS,2,2024-01-26
967,Taylor Becker,SOFTWARE,CHINA,FEMALE,160000,MS,4,2024-11-02
968,Chris Patel,AI,USA,MALE,122000,BA,8,2024-02-20
969,Sam Becker,SOFTWARE,CANADA,MALE,147000,MS,2,2022-10-07
970,Cameron Liu,HARDWARE,USA,FEMALE,153000,MS,4,2024-06-15
971,Skyler Roberts,SOFTWARE,USA,FEMALE,200000,PHD,1,2022-07-25
972,Lena Campbell,SOFTWARE,USA,MALE,161000,MSIS,2,2022-01-23
973,Dana Schmidt,SOFTWARE,USA,MALE,161000,MS,1,2024-12-26
974,Felix Evans,AI,USA,MALE,262000,PHD,2,2024-03-10
975,Reese Sanchez,SOFTWARE,INDIA,FEMALE,80000,BA,7,2023-02-18
976,Logan Thomas,SALES,GERMANY,MALE,99000,BS,1,2022-01-30
977,Sam Diaz,SOFTWARE,CANADA,MALE,136000,MSIS,9,2022-08-09
978,Robin Diaz,SOFTWARE,CANADA,MALE,200000,MSIS,7,2024-05-26
979,Logan Martinez,AI,CANADA,MALE,119000,BA,1,2024-03-08
980,Lucas Wang,AI,GERMANY,FEMALE,160000,MSIS,2,2023-03-24
981,Jamie Thomas,SALES,GERMANY,MALE,190000,MSIS,10,2022-12-18
982,Casey Parker,SALES,USA,FEMALE,251000,PHD,3,2023-11-12
983,Zhang Johnson,SALES,CHINA,MALE,175000,MSIS,7,2024-11-12
984,Reese Gupta,SOFTWARE,USA,MALE,126000,BA,2,2023-09-25
985,Quinn Morris,SOFTWARE,CANADA,MALE,137000,MSIS,6,2024-10-18
986,Yuki Parker,SALES,USA,MALE,150000,MSIS,10,2024-06-27
987,Rowan Carter,SOFTWARE,USA,MALE,144000,BS,1,2024-12-02
988,Morgan Baker,HARDWARE,GERMANY,MALE,151000,BS,6,2023-05-12
989,Harley Smith,HARDWARE,CANADA,MALE,160000,MSIS,6,2023-01-11
990,Dana Martin,SOFTWARE,USA,MALE,191000,PHD,4,2022-04-17
991,Dakota Becker,BUSINESS,CANADA,MALE,138000,BS,4,2023-04-29
992,Ananya Baker,HARDWARE,USA,FEMALE,112000,BS,7,2022-12-28
993,Wei Anderson,BUSINESS,USA,FEMALE,184000,MS,4,2023-07-11
994,Zhang Müller,AI,USA,FEMALE,160000,MS,8,2024-05-15
995,Dakota Anderson,AI,USA,MALE,260000,PHD,1,2024-02-21
996,Sage Becker,AI,USA,FEMALE,144000,MSIS,3,2023-06-11
997,Peyton Young,HARDWARE,CANADA,FEMALE,178000,MS,10,2024-09-11
998,Emery Sharma,SALES,CANADA,MALE,132000,BA,6,2024-10-03
999,Rowan Jones,BUSINESS,USA,FEMALE,220000,PHD,8,2023-09-23
1000,Jamie Edwards,SOFTWARE,USA,MALE,194000,MS,4,2024-06-12
