first_name,middle_init,last_name,ssn,birth_date,address,gender,salary,super_ssn,dno,image_url
John,B,Smith,123456789,1965-01-09,"731 Fondren, Houston TX",M,30000,333445555,5,https://api.dicebear.com/7.x/personas/svg?seed=JohnSmith
Franklin,T,Wong,333445555,1965-12-08,"638 Voss, Houston TX",M,40000,888665555,5,https://api.dicebear.com/7.x/personas/svg?seed=FranklinWong
Alicia,J,Zelaya,999887777,1968-01-19,"3321 Castle, Spring TX",F,25000,987654321,4,https://api.dicebear.com/7.x/personas/svg?seed=AliciaZelaya
Jennifer,S,Wallace,987654321,1941-06-20,"291 Berry, Bellaire TX",F,43000,888665555,4,https://api.dicebear.com/7.x/personas/svg?seed=JenniferWallace
Ramesh,K,Narayan,666884444,1962-09-15,"975 Fire Oak, Humble TX",M,38000,333445555,5,https://api.dicebear.com/7.x/personas/svg?seed=RameshNarayan
Joyce,A,English,453453453,1972-07-31,"5631 Rice, Houston TX",F,25000,333445555,5,https://api.dicebear.com/7.x/personas/svg?seed=JoyceEnglish
Ahmad,V,Jabbar,987987987,1969-03-29,"980 Dallas, Houston TX",M,25000,987654321,4,https://api.dicebear.com/7.x/personas/svg?seed=AhmadJabbar
James,E,Borg,888665555,1937-11-10,"450 Stone, Houston TX",M,55000,,1,https://api.dicebear.com/7.x/personas/svg?seed=JamesBorg
Maria,L,Garcia,111223333,1975-06-15,"1200 Main, Sugar Land TX",F,35000,333445555,5,https://api.dicebear.com/7.x/personas/svg?seed=MariaGarcia
Robert,D,Chen,222334444,1980-03-22,"450 Westheimer, Houston TX",M,42000,987654321,4,https://api.dicebear.com/7.x/personas/svg?seed=RobertChen
Susan,M,Park,444556666,1971-11-30,"789 Kirby, Houston TX",F,37000,333445555,5,https://api.dicebear.com/7.x/personas/svg?seed=SusanPark
David,R,Kim,555667777,1983-08-14,"321 Montrose, Houston TX",M,29000,987654321,4,https://api.dicebear.com/7.x/personas/svg?seed=DavidKim
Lisa,A,Patel,777889999,1978-04-02,"567 Richmond, Houston TX",F,46000,888665555,1,https://api.dicebear.com/7.x/personas/svg?seed=LisaPatel
Carlos,F,Martinez,888990000,1985-12-20,"234 Shepherd, Houston TX",M,32000,333445555,5,https://api.dicebear.com/7.x/personas/svg?seed=CarlosMartinez
Nora,K,Williams,111334455,1979-08-25,"890 Bissonnet, Houston TX",F,41000,222334444,6,https://api.dicebear.com/7.x/personas/svg?seed=NoraWilliams
Kevin,J,Brown,222445566,1988-02-17,"145 Gessner, Houston TX",M,28000,777889999,7,https://api.dicebear.com/7.x/personas/svg?seed=KevinBrown
Priya,S,Sharma,333556677,1990-11-03,"678 Hillcroft, Houston TX",F,34000,222334444,6,https://api.dicebear.com/7.x/personas/svg?seed=PriyaSharma
Tom,W,Jackson,444667788,1982-05-19,"432 Bellaire Blvd, Houston TX",M,31000,777889999,7,https://api.dicebear.com/7.x/personas/svg?seed=TomJackson
Elena,R,Petrova,555778899,1986-09-07,"567 Westpark, Houston TX",F,39000,333445555,5,https://api.dicebear.com/7.x/personas/svg?seed=ElenaPetrova
Marcus,T,Lee,666889900,1974-01-28,"321 Wilcrest, Houston TX",M,48000,888665555,1,https://api.dicebear.com/7.x/personas/svg?seed=MarcusLee
Angela,M,Davis,100000001,1998-02-01,"4606 Cherry, Spring TX",F,32000,888665555,1,https://api.dicebear.com/7.x/personas/svg?seed=AngelaDavis
Brian,P,Thompson,100011112,1992-02-19,"7012 Maple, Houston TX",M,29000,987654321,4,https://api.dicebear.com/7.x/personas/svg?seed=BrianThompson
Carmen,L,Rodriguez,100022223,1972-09-20,"534 Sycamore, Spring TX",F,58000,222334444,6,https://api.dicebear.com/7.x/personas/svg?seed=CarmenRodriguez
Daniel,K,Murphy,100033334,1972-08-19,"4657 Alder, Houston TX",M,34000,222334444,6,https://api.dicebear.com/7.x/personas/svg?seed=DanielMurphy
Emily,A,Taylor,100044445,1979-05-05,"3627 Beech, Stafford TX",F,30000,888665555,1,https://api.dicebear.com/7.x/personas/svg?seed=EmilyTaylor
Frank,J,Anderson,100055556,1982-02-12,"5735 Redwood, Humble TX",M,26000,222334444,6,https://api.dicebear.com/7.x/personas/svg?seed=FrankAnderson
Gloria,N,Hernandez,100066667,1992-02-13,"1391 Sycamore, Humble TX",F,47000,777889999,7,https://api.dicebear.com/7.x/personas/svg?seed=GloriaHernandez
Henry,D,Wilson,100077778,1970-12-03,"850 Chestnut, Spring TX",M,42000,888665555,1,https://api.dicebear.com/7.x/personas/svg?seed=HenryWilson
Irene,C,Thomas,100088889,1972-02-13,"4654 Spruce, Stafford TX",F,34000,333445555,5,https://api.dicebear.com/7.x/personas/svg?seed=IreneThomas
Jason,R,Moore,100100000,1980-04-22,"4474 Hawthorn, Bellaire TX",M,34000,777889999,7,https://api.dicebear.com/7.x/personas/svg?seed=JasonMoore
Karen,E,Martin,100111111,1973-03-15,"6316 Willow, Spring TX",F,44000,888665555,1,https://api.dicebear.com/7.x/personas/svg?seed=KarenMartin
Lawrence,G,White,100122222,1972-01-26,"5268 Pecan, Humble TX",M,28000,987654321,4,https://api.dicebear.com/7.x/personas/svg?seed=LawrenceWhite
Monica,S,Harris,100133333,1994-12-11,"3583 Dogwood, Pearland TX",F,49000,222334444,6,https://api.dicebear.com/7.x/personas/svg?seed=MonicaHarris
Nathan,H,Clark,100144444,1967-05-05,"4140 Holly, Humble TX",M,51000,777889999,7,https://api.dicebear.com/7.x/personas/svg?seed=NathanClark
Olivia,T,Lewis,100155555,1983-06-08,"2366 Poplar, Pearland TX",F,29000,888665555,1,https://api.dicebear.com/7.x/personas/svg?seed=OliviaLewis
Patrick,B,Robinson,100166666,1965-03-21,"2721 Alder, Katy TX",M,28000,222334444,6,https://api.dicebear.com/7.x/personas/svg?seed=PatrickRobinson
Quinn,A,Walker,100177777,1982-10-15,"8769 Willow, Houston TX",F,31000,777889999,7,https://api.dicebear.com/7.x/personas/svg?seed=QuinnWalker
Raymond,F,Hall,100188888,1975-11-11,"1927 Ash, Katy TX",M,34000,222334444,6,https://api.dicebear.com/7.x/personas/svg?seed=RaymondHall
Sandra,M,Allen,100199999,1958-12-24,"4415 Poplar, Sugar Land TX",F,56000,888665555,1,https://api.dicebear.com/7.x/personas/svg?seed=SandraAllen
Timothy,L,Young,100211110,1998-05-27,"8417 Redwood, Spring TX",M,33000,333445555,5,https://api.dicebear.com/7.x/personas/svg?seed=TimothyYoung
Uma,K,Reddy,100222221,1968-09-25,"8789 Oak, Stafford TX",F,55000,888665555,1,https://api.dicebear.com/7.x/personas/svg?seed=UmaReddy
Victor,J,King,100233332,1965-06-27,"5138 Cherry, Houston TX",M,39000,777889999,7,https://api.dicebear.com/7.x/personas/svg?seed=VictorKing
Wendy,R,Wright,100244443,1963-02-24,"8062 Hemlock, Bellaire TX",F,58000,987654321,4,https://api.dicebear.com/7.x/personas/svg?seed=WendyWright
Xavier,D,Lopez,100255554,1966-11-16,"9107 Birch, Humble TX",M,57000,777889999,7,https://api.dicebear.com/7.x/personas/svg?seed=XavierLopez
Yolanda,C,Hill,100266665,1985-04-18,"3395 Hawthorn, Humble TX",F,49000,333445555,5,https://api.dicebear.com/7.x/personas/svg?seed=YolandaHill
Zachary,N,Scott,100277776,1986-09-15,"2082 Cherry, Spring TX",M,28000,333445555,5,https://api.dicebear.com/7.x/personas/svg?seed=ZacharyScott
Amara,P,Okafor,100288887,1959-10-18,"3870 Juniper, Spring TX",F,24000,888665555,1,https://api.dicebear.com/7.x/personas/svg?seed=AmaraOkafor
Benjamin,E,Green,100299998,1998-01-08,"1204 Maple, Stafford TX",M,28000,777889999,7,https://api.dicebear.com/7.x/personas/svg?seed=BenjaminGreen
Chloe,A,Adams,100311109,1973-05-22,"8053 Walnut, Sugar Land TX",F,54000,987654321,4,https://api.dicebear.com/7.x/personas/svg?seed=ChloeAdams
Derek,S,Baker,100322220,1988-07-07,"1645 Pine, Katy TX",M,46000,222334444,6,https://api.dicebear.com/7.x/personas/svg?seed=DerekBaker
Eva,M,Gonzalez,100333331,1984-08-28,"987 Chestnut, Bellaire TX",F,27000,222334444,6,https://api.dicebear.com/7.x/personas/svg?seed=EvaGonzalez
George,T,Nelson,100344442,1979-02-08,"3239 Walnut, Pearland TX",M,32000,222334444,6,https://api.dicebear.com/7.x/personas/svg?seed=GeorgeNelson
Hannah,L,Carter,100355553,1969-05-15,"4192 Linden, Bellaire TX",F,52000,777889999,7,https://api.dicebear.com/7.x/personas/svg?seed=HannahCarter
Isaac,R,Mitchell,100366664,1964-01-21,"8956 Hemlock, Houston TX",M,29000,987654321,4,https://api.dicebear.com/7.x/personas/svg?seed=IsaacMitchell
Julia,K,Perez,100377775,1968-07-16,"7986 Walnut, Katy TX",F,27000,987654321,4,https://api.dicebear.com/7.x/personas/svg?seed=JuliaPerez
Kyle,D,Roberts,100388886,1982-01-13,"4445 Alder, Pearland TX",M,42000,222334444,6,https://api.dicebear.com/7.x/personas/svg?seed=KyleRoberts
Lena,C,Turner,100399997,1993-11-23,"8073 Elm, Spring TX",F,42000,987654321,4,https://api.dicebear.com/7.x/personas/svg?seed=LenaTurner
Michael,J,Phillips,100411108,1961-10-24,"8983 Maple, Stafford TX",M,27000,888665555,1,https://api.dicebear.com/7.x/personas/svg?seed=MichaelPhillips
Nina,B,Campbell,100422219,1995-08-17,"8801 Birch, Houston TX",F,56000,888665555,1,https://api.dicebear.com/7.x/personas/svg?seed=NinaCampbell
Oscar,A,Parker,100433330,1969-02-20,"1213 Chestnut, Spring TX",M,49000,888665555,1,https://api.dicebear.com/7.x/personas/svg?seed=OscarParker
Paula,G,Evans,100444441,1994-04-19,"9840 Maple, Bellaire TX",F,50000,777889999,7,https://api.dicebear.com/7.x/personas/svg?seed=PaulaEvans
Quentin,H,Edwards,100455552,1994-09-11,"4372 Walnut, Stafford TX",M,39000,333445555,5,https://api.dicebear.com/7.x/personas/svg?seed=QuentinEdwards
Rosa,F,Collins,100466663,1983-03-22,"5015 Spruce, Stafford TX",F,28000,888665555,1,https://api.dicebear.com/7.x/personas/svg?seed=RosaCollins
Samuel,N,Stewart,100477774,1987-10-19,"1738 Cedar, Spring TX",M,56000,333445555,5,https://api.dicebear.com/7.x/personas/svg?seed=SamuelStewart
Tanya,E,Sanchez,100488885,1966-06-03,"4102 Cypress, Humble TX",F,34000,222334444,6,https://api.dicebear.com/7.x/personas/svg?seed=TanyaSanchez
Ulysses,S,Morris,100499996,1992-12-10,"8766 Oak, Humble TX",M,30000,987654321,4,https://api.dicebear.com/7.x/personas/svg?seed=UlyssesMorris
Valerie,M,Rogers,100511107,1974-02-04,"9164 Elm, Humble TX",F,42000,777889999,7,https://api.dicebear.com/7.x/personas/svg?seed=ValerieRogers
William,T,Reed,100522218,1971-12-11,"3435 Chestnut, Humble TX",M,56000,222334444,6,https://api.dicebear.com/7.x/personas/svg?seed=WilliamReed
Xena,L,Cook,100533329,1974-01-03,"7039 Hemlock, Humble TX",F,26000,888665555,1,https://api.dicebear.com/7.x/personas/svg?seed=XenaCook
Yusuf,R,Morgan,100544440,1979-03-21,"4391 Birch, Pearland TX",M,51000,777889999,7,https://api.dicebear.com/7.x/personas/svg?seed=YusufMorgan
Zara,K,Bell,100555551,1958-02-03,"2542 Sycamore, Houston TX",F,47000,777889999,7,https://api.dicebear.com/7.x/personas/svg?seed=ZaraBell
Adrian,D,Howard,100566662,1993-03-14,"2188 Maple, Humble TX",M,47000,888665555,1,https://api.dicebear.com/7.x/personas/svg?seed=AdrianHoward
Bianca,C,Ward,100577773,1980-04-22,"4188 Chestnut, Bellaire TX",F,46000,777889999,7,https://api.dicebear.com/7.x/personas/svg?seed=BiancaWard
Charles,N,Cox,100588884,1984-10-24,"2632 Cherry, Sugar Land TX",M,35000,222334444,6,https://api.dicebear.com/7.x/personas/svg?seed=CharlesCox
Diana,P,Diaz,100599995,1959-03-24,"5542 Alder, Katy TX",F,39000,333445555,5,https://api.dicebear.com/7.x/personas/svg?seed=DianaDiaz
Edward,E,Richardson,100611106,1968-12-04,"6367 Linden, Houston TX",M,54000,987654321,4,https://api.dicebear.com/7.x/personas/svg?seed=EdwardRichardson
Fatima,A,Wood,100622217,1970-08-12,"5100 Hemlock, Spring TX",F,38000,888665555,1,https://api.dicebear.com/7.x/personas/svg?seed=FatimaWood
Gregory,S,Watson,100633328,1970-07-11,"4664 Linden, Bellaire TX",M,41000,333445555,5,https://api.dicebear.com/7.x/personas/svg?seed=GregoryWatson
Helen,M,Brooks,100644439,1990-07-22,"8885 Magnolia, Houston TX",F,31000,333445555,5,https://api.dicebear.com/7.x/personas/svg?seed=HelenBrooks
Ivan,T,Kelly,100655550,1969-10-09,"726 Pine, Katy TX",M,46000,333445555,5,https://api.dicebear.com/7.x/personas/svg?seed=IvanKelly
Janet,L,Sanders,100666661,1985-10-17,"1994 Pecan, Spring TX",F,40000,888665555,1,https://api.dicebear.com/7.x/personas/svg?seed=JanetSanders
Keith,R,Price,100677772,1985-01-17,"8921 Chestnut, Spring TX",M,47000,222334444,6,https://api.dicebear.com/7.x/personas/svg?seed=KeithPrice
Laura,K,Bennett,100688883,1962-11-11,"5243 Chestnut, Bellaire TX",F,43000,777889999,7,https://api.dicebear.com/7.x/personas/svg?seed=LauraBennett
Martin,D,Gray,100699994,1977-11-14,"5444 Pecan, Humble TX",M,32000,987654321,4,https://api.dicebear.com/7.x/personas/svg?seed=MartinGray
Natasha,C,Barnes,100711105,1984-11-13,"2951 Redwood, Humble TX",F,49000,777889999,7,https://api.dicebear.com/7.x/personas/svg?seed=NatashaBarnes
Oliver,J,Ross,100722216,1958-05-10,"3543 Laurel, Stafford TX",M,53000,222334444,6,https://api.dicebear.com/7.x/personas/svg?seed=OliverRoss
Pamela,B,Henderson,100733327,1986-11-07,"8475 Hickory, Sugar Land TX",F,29000,333445555,5,https://api.dicebear.com/7.x/personas/svg?seed=PamelaHenderson
Ricardo,A,Coleman,100744438,1990-11-21,"5591 Cedar, Spring TX",M,43000,987654321,4,https://api.dicebear.com/7.x/personas/svg?seed=RicardoColeman
Sophia,G,Jenkins,100755549,1970-03-01,"857 Cherry, Pearland TX",F,28000,222334444,6,https://api.dicebear.com/7.x/personas/svg?seed=SophiaJenkins
Thomas,H,Perry,100766660,1984-11-19,"3285 Hawthorn, Katy TX",M,55000,222334444,6,https://api.dicebear.com/7.x/personas/svg?seed=ThomasPerry
Ursula,F,Powell,100777771,1973-03-21,"190 Beech, Bellaire TX",F,51000,987654321,4,https://api.dicebear.com/7.x/personas/svg?seed=UrsulaPowell
Vincent,N,Long,100788882,1969-12-17,"7711 Maple, Spring TX",M,31000,222334444,6,https://api.dicebear.com/7.x/personas/svg?seed=VincentLong
Whitney,E,Patterson,100799993,1966-08-22,"8802 Sycamore, Stafford TX",F,52000,777889999,7,https://api.dicebear.com/7.x/personas/svg?seed=WhitneyPatterson
Yuri,S,Hughes,100811104,1990-07-27,"9076 Spruce, Sugar Land TX",M,54000,222334444,6,https://api.dicebear.com/7.x/personas/svg?seed=YuriHughes
Amelia,M,Flores,100822215,1974-04-27,"4643 Beech, Pearland TX",F,39000,333445555,5,https://api.dicebear.com/7.x/personas/svg?seed=AmeliaFlores
Brandon,T,Washington,100833326,1986-02-23,"4781 Cherry, Humble TX",M,45000,333445555,5,https://api.dicebear.com/7.x/personas/svg?seed=BrandonWashington
Cecilia,L,Butler,100844437,1992-02-05,"2571 Cherry, Katy TX",F,33000,987654321,4,https://api.dicebear.com/7.x/personas/svg?seed=CeciliaButler
Douglas,R,Simmons,100855548,1962-07-14,"5521 Sycamore, Pearland TX",M,50000,888665555,1,https://api.dicebear.com/7.x/personas/svg?seed=DouglasSimmons
Esther,K,Foster,100866659,1971-07-13,"9669 Hawthorn, Houston TX",F,48000,222334444,6,https://api.dicebear.com/7.x/personas/svg?seed=EstherFoster
Felix,D,Gonzales,100877770,1958-06-10,"6489 Linden, Katy TX",M,58000,777889999,7,https://api.dicebear.com/7.x/personas/svg?seed=FelixGonzales
