emp_id,emp_name,department,salary,gender,degree,hire_date,country
100,John Smith,SALES,95000,MALE,BS,2015-03-15,USA
101,Emily Johnson,IT,142000,FEMALE,MS,2015-06-01,USA
102,Michael Davis,AI,198000,MALE,PHD,2015-09-10,USA
103,Sophie Tremblay,MARKETING,87000,FEMALE,BA,2015-02-20,CANADA
104,Liam Bouchard,BUSINESS,115000,MALE,MIS,2015-07-14,CANADA
105,Chloe Gagnon,AI,175000,FEMALE,MS,2015-11-03,CANADA
106,Wei Zhang,IT,155000,FEMALE,MS,2015-04-18,CHINA
107,Hao Liu,AI,210000,MALE,PHD,2015-08-25,CHINA
108,Mei Chen,BUSINESS,130000,FEMALE,MIS,2015-01-30,CHINA
